subcorpus	case_type	doc_id	sent_id	source_start_line	source_end_line	token_count	speaker_count	top_speaker_share	has_strict_majority	speaker_token_counts	speaker_details	utterance_token_counts	unresolved_utterance_token_counts	utterance_doc_ids	crosses_utterance_doc	speaker_segments	tei_utterance_times	recommendation	text
Artur-J	multiple_known_speakers	Artur-J-Gvecg-P500001	Artur-J-Gvecg-P500001.resegsent153	4784	4807	22	2	0.636	yes	Artur-J-G3006:14; Artur-J-G3003:8	Artur-J-G3006(SEX=moški, AGE=30 do 59 let, EDUCATION=fakulteta ali več, PERM-RESD=-); Artur-J-G3003(SEX=moški, AGE=30 do 59 let, EDUCATION=fakulteta ali več, PERM-RESD=osrednjeslovenska)	Artur-J-Gvecg-P500001.u61:14; Artur-J-Gvecg-P500001.u62:8		Artur-J-Gvecg-P500001	no	1-14:Artur-J-G3006(Artur-J-Gvecg-P500001.u61); 15-22:Artur-J-G3003(Artur-J-Gvecg-P500001.u62)	Artur-J-Gvecg-P500001.u61:Artur-J-G3006:2017.767-2082.132; Artur-J-Gvecg-P500001.u62:Artur-J-G3003:2082.132-2415.501	omit sentence-level speaker_id; use suggested_speaker_segments	in sicer na naš naskle… naslednji sklop in vabim kar eee naslednjega govorca eee Drage prijateljice , dragi prijatelji govorjene slovenščine .
Artur-J	multiple_known_speakers	Artur-J-Gvecg-P500001	Artur-J-Gvecg-P500001.resegsent273	7985	7989	3	2	0.667	yes	Artur-J-G3012:2; Artur-J-G3006:1	Artur-J-G3006(SEX=moški, AGE=30 do 59 let, EDUCATION=fakulteta ali več, PERM-RESD=-); Artur-J-G3012(SEX=ženski, AGE=30 do 59 let, EDUCATION=fakulteta ali več, PERM-RESD=-)	Artur-J-Gvecg-P500001.u86:2; Artur-J-Gvecg-P500001.u84:1		Artur-J-Gvecg-P500001	no	1:Artur-J-G3006(Artur-J-Gvecg-P500001.u84); 2-3:Artur-J-G3012(Artur-J-Gvecg-P500001.u86)	Artur-J-Gvecg-P500001.u84:Artur-J-G3006:3425.269-3428.805; Artur-J-Gvecg-P500001.u86:Artur-J-G3012:3432.572-3518.366	omit sentence-level speaker_id; use suggested_speaker_segments	eee Hvala .
Artur-J	multiple_known_speakers	Artur-J-Gvecg-P500013	Artur-J-Gvecg-P500013.resegsent588	17465	17500	34	2	0.912	yes	Artur-J-G3018:31; Artur-J-G3013:3	Artur-J-G3018(SEX=ženski, AGE=-, EDUCATION=-, PERM-RESD=-); Artur-J-G3013(SEX=ženski, AGE=-, EDUCATION=fakulteta ali več, PERM-RESD=-)	Artur-J-Gvecg-P500013.u1:31; Artur-J-Gvecg-P500013.u3:3		Artur-J-Gvecg-P500013	no	1-31:Artur-J-G3018(Artur-J-Gvecg-P500013.u1); 32-34:Artur-J-G3013(Artur-J-Gvecg-P500013.u3)	Artur-J-Gvecg-P500013.u1:Artur-J-G3018:0.000-105.149; Artur-J-Gvecg-P500013.u3:Artur-J-G3013:106.542-228.913	omit sentence-level speaker_id; use suggested_speaker_segments	z nami so izredni profesor , profesor doktor , profesor doktor , zaslužni profesor doktor in izredna profesorica , ki je tudi prodekanja za znanost in jo prosim za uvodni nagovor Hvala lepa .
Artur-J	multiple_known_speakers	Artur-J-Gvecg-P500014	Artur-J-Gvecg-P500014.resegsent1061	29296	29324	27	2	0.889	yes	Artur-J-G3018:24; Artur-J-G3019:3	Artur-J-G3018(SEX=ženski, AGE=-, EDUCATION=-, PERM-RESD=-); Artur-J-G3019(SEX=ženski, AGE=nad 60 let, EDUCATION=-, PERM-RESD=-)	Artur-J-Gvecg-P500014.u17:24; Artur-J-Gvecg-P500014.u18:3		Artur-J-Gvecg-P500014	no	1-24:Artur-J-G3018(Artur-J-Gvecg-P500014.u17); 25-27:Artur-J-G3019(Artur-J-Gvecg-P500014.u18)	Artur-J-Gvecg-P500014.u17:Artur-J-G3018:530.238-539.083; Artur-J-Gvecg-P500014.u18:Artur-J-G3019:539.083-540.115:trans=smooth	omit sentence-level speaker_id; use suggested_speaker_segments	je pa že po tem , da je rast številka klicev eee zadostən podatek , da je bil ta telefon več kot nujen , Res je .
Artur-J	multiple_known_speakers	Artur-J-Gvecg-P500046	Artur-J-Gvecg-P500046.resegsent4332	146493	146505	11	2	0.636	yes	Artur-J-G3092:7; Artur-J-G3090:4	Artur-J-G3090(SEX=moški, AGE=-, EDUCATION=-, PERM-RESD=-); Artur-J-G3092(SEX=ženski, AGE=18 do 34 let, EDUCATION=srednja šola, PERM-RESD=jugovzhodna Slovenija)	Artur-J-Gvecg-P500047.u1:7; Artur-J-Gvecg-P500046.u49:4		Artur-J-Gvecg-P500046; Artur-J-Gvecg-P500047	yes	1-4:Artur-J-G3090(Artur-J-Gvecg-P500046.u49); 5-11:Artur-J-G3092(Artur-J-Gvecg-P500047.u1)	Artur-J-Gvecg-P500046.u49:Artur-J-G3090:1575.938-1632.895; Artur-J-Gvecg-P500047.u1:Artur-J-G3092:0.000-85.587	omit sentence-level speaker_id; use suggested_speaker_segments	srečno in na svidenje e , lep pozdrav vsem skupaj .
Artur-J	multiple_known_speakers	Artur-J-Gvecg-P500059	Artur-J-Gvecg-P500059.resegsent6106	205974	205997	22	2	0.682	yes	Artur-J-G3121:15; Artur-J-G3120:7	Artur-J-G3120(SEX=ženski, AGE=-, EDUCATION=višja ali visoka šola, PERM-RESD=-); Artur-J-G3121(SEX=ženski, AGE=-, EDUCATION=višja ali visoka šola, PERM-RESD=-)	Artur-J-Gvecg-P500059.u15:15; Artur-J-Gvecg-P500059.u14:7		Artur-J-Gvecg-P500059	no	1-7:Artur-J-G3120(Artur-J-Gvecg-P500059.u14); 8-22:Artur-J-G3121(Artur-J-Gvecg-P500059.u15)	Artur-J-Gvecg-P500059.u14:Artur-J-G3120:800.430-805.660:trans=overlap; Artur-J-Gvecg-P500059.u15:Artur-J-G3121:805.660-810.249:trans=smooth	omit sentence-level speaker_id; use suggested_speaker_segments	a səm kej pozabla pa ne vem E , kera və ta otvoritvəni dan , e , spada še en dogodək .
Artur-J	multiple_known_speakers	Artur-J-Gvecg-P500059	Artur-J-Gvecg-P500059.resegsent6147	207592	207607	14	2	0.714	yes	Artur-J-G3121:10; Artur-J-G3119:4	Artur-J-G3121(SEX=ženski, AGE=-, EDUCATION=višja ali visoka šola, PERM-RESD=-); Artur-J-G3119(SEX=ženski, AGE=30 do 59 let, EDUCATION=fakulteta ali več, PERM-RESD=-)	Artur-J-Gvecg-P500059.u21:10; Artur-J-Gvecg-P500059.u22:4		Artur-J-Gvecg-P500059	no	1-10:Artur-J-G3121(Artur-J-Gvecg-P500059.u21); 11-14:Artur-J-G3119(Artur-J-Gvecg-P500059.u22)	Artur-J-Gvecg-P500059.u21:Artur-J-G3121:1166.049-1364.188; Artur-J-Gvecg-P500059.u22:Artur-J-G3119:1364.188-1368.047:trans=smooth	omit sentence-level speaker_id; use suggested_speaker_segments	e , prvič je bila predvajana instalacija , e , prvič je bila …
Artur-J	multiple_known_speakers	Artur-J-Gvecg-P500059	Artur-J-Gvecg-P500059.resegsent6186	208919	208950	30	2	0.900	yes	Artur-J-G3120:27; Artur-J-G3121:3	Artur-J-G3120(SEX=ženski, AGE=-, EDUCATION=višja ali visoka šola, PERM-RESD=-); Artur-J-G3121(SEX=ženski, AGE=-, EDUCATION=višja ali visoka šola, PERM-RESD=-)	Artur-J-Gvecg-P500059.u31:27; Artur-J-Gvecg-P500059.u32:3		Artur-J-Gvecg-P500059	no	1-27:Artur-J-G3120(Artur-J-Gvecg-P500059.u31); 28-30:Artur-J-G3121(Artur-J-Gvecg-P500059.u32)	Artur-J-Gvecg-P500059.u31:Artur-J-G3120:1811.801-1819.514:trans=smooth; Artur-J-Gvecg-P500059.u32:Artur-J-G3121:1811.801-1819.514:trans=overlap	omit sentence-level speaker_id; use suggested_speaker_segments	V torek deve… , skratka , Matija Ferlin , tud ga ne bi posebi predstavljala , velik dela v Sloveniji , ni prvič na Mladih levih , Ob sedmih .
Artur-J	multiple_known_speakers	Artur-J-Gvecg-P500060	Artur-J-Gvecg-P500060.resegsent6413	216110	216133	22	2	0.636	yes	Artur-J-G3123:14; Artur-J-G3122:8	Artur-J-G3123(SEX=ženski, AGE=30 do 59 let, EDUCATION=fakulteta ali več, PERM-RESD=-); Artur-J-G3122(SEX=ženski, AGE=30 do 59 let, EDUCATION=fakulteta ali več, PERM-RESD=osrednjeslovenska)	Artur-J-Gvecg-P500060.u37:14; Artur-J-Gvecg-P500060.u38:8		Artur-J-Gvecg-P500060	no	1-14:Artur-J-G3123(Artur-J-Gvecg-P500060.u37); 15-22:Artur-J-G3122(Artur-J-Gvecg-P500060.u38)	Artur-J-Gvecg-P500060.u37:Artur-J-G3123:532.091-542.236; Artur-J-Gvecg-P500060.u38:Artur-J-G3122:542.236-543.686:trans=smooth	omit sentence-level speaker_id; use suggested_speaker_segments	prej səm spustila že ta , ne bomo nič razkrivali preveč o filmu , Ja , sej to , to je …
Artur-J	multiple_known_speakers	Artur-J-Gvecg-P500060	Artur-J-Gvecg-P500060.resegsent6512	218173	218199	25	2	0.520	yes	Artur-J-G3122:13; Artur-J-G3123:12	Artur-J-G3122(SEX=ženski, AGE=30 do 59 let, EDUCATION=fakulteta ali več, PERM-RESD=osrednjeslovenska); Artur-J-G3123(SEX=ženski, AGE=30 do 59 let, EDUCATION=fakulteta ali več, PERM-RESD=-)	Artur-J-Gvecg-P500060.u73:13; Artur-J-Gvecg-P500060.u74:12		Artur-J-Gvecg-P500060	no	1-13:Artur-J-G3122(Artur-J-Gvecg-P500060.u73); 14-25:Artur-J-G3123(Artur-J-Gvecg-P500060.u74)	Artur-J-Gvecg-P500060.u73:Artur-J-G3122:1067.722-1071.443; Artur-J-Gvecg-P500060.u74:Artur-J-G3123:1071.443-1074.385:trans=smooth	omit sentence-level speaker_id; use suggested_speaker_segments	to je zlo mešano , tko zlo , zlo je treba pər vsaki To morəm enkrət prit pogledat , res , prov bi rada .
Artur-J	multiple_known_speakers	Artur-J-Gvecg-P500060	Artur-J-Gvecg-P500060.resegsent6531	218440	218452	11	2	0.636	yes	Artur-J-G3122:7; Artur-J-G3123:4	Artur-J-G3122(SEX=ženski, AGE=30 do 59 let, EDUCATION=fakulteta ali več, PERM-RESD=osrednjeslovenska); Artur-J-G3123(SEX=ženski, AGE=30 do 59 let, EDUCATION=fakulteta ali več, PERM-RESD=-)	Artur-J-Gvecg-P500060.u85:7; Artur-J-Gvecg-P500060.u86:4		Artur-J-Gvecg-P500060	no	1-7:Artur-J-G3122(Artur-J-Gvecg-P500060.u85); 8-11:Artur-J-G3123(Artur-J-Gvecg-P500060.u86)	Artur-J-Gvecg-P500060.u85:Artur-J-G3122:1106.818-1124.928; Artur-J-Gvecg-P500060.u86:Artur-J-G3123:1124.928-1128.640:trans=smooth	omit sentence-level speaker_id; use suggested_speaker_segments	in potem bi on šəl v bistvu Bi se zmanjšal .
Artur-J	multiple_known_speakers	Artur-J-Gvecg-P500060	Artur-J-Gvecg-P500060.resegsent6541	218622	218637	14	2	0.643	yes	Artur-J-G3123:9; Artur-J-G3122:5	Artur-J-G3123(SEX=ženski, AGE=30 do 59 let, EDUCATION=fakulteta ali več, PERM-RESD=-); Artur-J-G3122(SEX=ženski, AGE=30 do 59 let, EDUCATION=fakulteta ali več, PERM-RESD=osrednjeslovenska)	Artur-J-Gvecg-P500060.u89:9; Artur-J-Gvecg-P500060.u90:5		Artur-J-Gvecg-P500060	no	1-9:Artur-J-G3123(Artur-J-Gvecg-P500060.u89); 10-14:Artur-J-G3122(Artur-J-Gvecg-P500060.u90)	Artur-J-Gvecg-P500060.u89:Artur-J-G3123:1157.606-1167.910; Artur-J-Gvecg-P500060.u90:Artur-J-G3122:1167.910-1169.315:trans=smooth	omit sentence-level speaker_id; use suggested_speaker_segments	A bi kej povedala o financiranju pa okol producentov pač na tej točki ?
Artur-J	multiple_known_speakers	Artur-J-Gvecg-P500060	Artur-J-Gvecg-P500060.resegsent6547	218749	218766	16	2	0.688	yes	Artur-J-G3122:11; Artur-J-G3123:5	Artur-J-G3122(SEX=ženski, AGE=30 do 59 let, EDUCATION=fakulteta ali več, PERM-RESD=osrednjeslovenska); Artur-J-G3123(SEX=ženski, AGE=30 do 59 let, EDUCATION=fakulteta ali več, PERM-RESD=-)	Artur-J-Gvecg-P500060.u93:11; Artur-J-Gvecg-P500060.u94:5		Artur-J-Gvecg-P500060	no	1-11:Artur-J-G3122(Artur-J-Gvecg-P500060.u93); 12-16:Artur-J-G3123(Artur-J-Gvecg-P500060.u94)	Artur-J-Gvecg-P500060.u93:Artur-J-G3122:1178.976-1204.436; Artur-J-Gvecg-P500060.u94:Artur-J-G3123:1204.436-1206.408:trans=smooth	omit sentence-level speaker_id; use suggested_speaker_segments	to je blo našga resničnəga denarja , s kerga smo mi Kaj pa tuji pol ?
Artur-J	multiple_known_speakers	Artur-J-Gvecg-P500060	Artur-J-Gvecg-P500060.resegsent6548	218767	218772	4	2	0.500	no	Artur-J-G3123:2; Artur-J-G3122:2	Artur-J-G3123(SEX=ženski, AGE=30 do 59 let, EDUCATION=fakulteta ali več, PERM-RESD=-); Artur-J-G3122(SEX=ženski, AGE=30 do 59 let, EDUCATION=fakulteta ali več, PERM-RESD=osrednjeslovenska)	Artur-J-Gvecg-P500060.u94:2; Artur-J-Gvecg-P500060.u95:2		Artur-J-Gvecg-P500060	no	1-2:Artur-J-G3123(Artur-J-Gvecg-P500060.u94); 3-4:Artur-J-G3122(Artur-J-Gvecg-P500060.u95)	Artur-J-Gvecg-P500060.u94:Artur-J-G3123:1204.436-1206.408:trans=smooth; Artur-J-Gvecg-P500060.u95:Artur-J-G3122:1204.436-1206.408:trans=overlap	omit sentence-level speaker_id; use suggested_speaker_segments	kolko so financirali .
Artur-J	multiple_known_speakers	Artur-J-Gvecg-P500060	Artur-J-Gvecg-P500060.resegsent6552	218829	218842	12	2	0.667	yes	Artur-J-G3123:8; Artur-J-G3122:4	Artur-J-G3122(SEX=ženski, AGE=30 do 59 let, EDUCATION=fakulteta ali več, PERM-RESD=osrednjeslovenska); Artur-J-G3123(SEX=ženski, AGE=30 do 59 let, EDUCATION=fakulteta ali več, PERM-RESD=-)	Artur-J-Gvecg-P500060.u100:8; Artur-J-Gvecg-P500060.u99:4		Artur-J-Gvecg-P500060	no	1-4:Artur-J-G3122(Artur-J-Gvecg-P500060.u99); 5-12:Artur-J-G3123(Artur-J-Gvecg-P500060.u100)	Artur-J-Gvecg-P500060.u99:Artur-J-G3122:1223.393-1224.523; Artur-J-Gvecg-P500060.u100:Artur-J-G3123:1224.523-1227.485:trans=smooth	omit sentence-level speaker_id; use suggested_speaker_segments	tko , mal ta Ja , ja , ja , ja .
Artur-J	multiple_known_speakers	Artur-J-Gvecg-P500060	Artur-J-Gvecg-P500060.resegsent6556	218895	218910	14	2	0.714	yes	Artur-J-G3122:10; Artur-J-G3123:4	Artur-J-G3122(SEX=ženski, AGE=30 do 59 let, EDUCATION=fakulteta ali več, PERM-RESD=osrednjeslovenska); Artur-J-G3123(SEX=ženski, AGE=30 do 59 let, EDUCATION=fakulteta ali več, PERM-RESD=-)	Artur-J-Gvecg-P500060.u102:10; Artur-J-Gvecg-P500060.u103:4		Artur-J-Gvecg-P500060	no	1-10:Artur-J-G3122(Artur-J-Gvecg-P500060.u102); 11-14:Artur-J-G3123(Artur-J-Gvecg-P500060.u103)	Artur-J-Gvecg-P500060.u102:Artur-J-G3122:1227.485-1236.812; Artur-J-Gvecg-P500060.u103:Artur-J-G3123:1236.812-1237.343	omit sentence-level speaker_id; use suggested_speaker_segments	pač səvəda se teb to nekje tud , e , Pozna , ja .
Artur-J	multiple_known_speakers	Artur-J-Gvecg-P500060	Artur-J-Gvecg-P500060.resegsent6558	218929	218962	32	2	0.719	yes	Artur-J-G3122:23; Artur-J-G3123:9	Artur-J-G3122(SEX=ženski, AGE=30 do 59 let, EDUCATION=fakulteta ali več, PERM-RESD=osrednjeslovenska); Artur-J-G3123(SEX=ženski, AGE=30 do 59 let, EDUCATION=fakulteta ali več, PERM-RESD=-)	Artur-J-Gvecg-P500060.u104:23; Artur-J-Gvecg-P500060.u105:9		Artur-J-Gvecg-P500060	no	1-23:Artur-J-G3122(Artur-J-Gvecg-P500060.u104); 24-32:Artur-J-G3123(Artur-J-Gvecg-P500060.u105)	Artur-J-Gvecg-P500060.u104:Artur-J-G3122:1237.343-1249.574; Artur-J-Gvecg-P500060.u105:Artur-J-G3123:1249.574-1251.505:trans=smooth	omit sentence-level speaker_id; use suggested_speaker_segments	misləm , so projekti , kə so supər za koprodukcije , kər se pəč lahko ujaməš s tem , da , da pokrivaš Vəs čəs delaš skupi , ne , vərjetno .
Artur-J	multiple_known_speakers	Artur-J-Gvecg-P500060	Artur-J-Gvecg-P500060.resegsent6566	219134	219155	20	2	0.850	yes	Artur-J-G3122:17; Artur-J-G3123:3	Artur-J-G3122(SEX=ženski, AGE=30 do 59 let, EDUCATION=fakulteta ali več, PERM-RESD=osrednjeslovenska); Artur-J-G3123(SEX=ženski, AGE=30 do 59 let, EDUCATION=fakulteta ali več, PERM-RESD=-)	Artur-J-Gvecg-P500060.u109:17; Artur-J-Gvecg-P500060.u110:3		Artur-J-Gvecg-P500060	no	1-17:Artur-J-G3122(Artur-J-Gvecg-P500060.u109); 18-20:Artur-J-G3123(Artur-J-Gvecg-P500060.u110)	Artur-J-Gvecg-P500060.u109:Artur-J-G3122:1276.610-1297.719; Artur-J-Gvecg-P500060.u110:Artur-J-G3123:1297.719-1298.236	omit sentence-level speaker_id; use suggested_speaker_segments	tko da vseen so te , te neke , neke povezave so že v bistvu placiranje filma Tuji trg .
Artur-J	multiple_known_speakers	Artur-J-Gvecg-P500062	Artur-J-Gvecg-P500062.resegsent7028	230830	230839	8	2	0.750	yes	Artur-J-G3131:6; Artur-J-G3128:2	Artur-J-G3131(SEX=ženski, AGE=30 do 59 let, EDUCATION=fakulteta ali več, PERM-RESD=osrednjeslovenska); Artur-J-G3128(SEX=ženski, AGE=30 do 59 let, EDUCATION=višja ali visoka šola, PERM-RESD=osrednjeslovenska)	Artur-J-Gvecg-P500062.u42:6; Artur-J-Gvecg-P500062.u43:2		Artur-J-Gvecg-P500062	no	1-6:Artur-J-G3131(Artur-J-Gvecg-P500062.u42); 7-8:Artur-J-G3128(Artur-J-Gvecg-P500062.u43)	Artur-J-Gvecg-P500062.u42:Artur-J-G3131:2807.292-2808.468; Artur-J-Gvecg-P500062.u43:Artur-J-G3128:2808.468-2808.966	omit sentence-level speaker_id; use suggested_speaker_segments	v moje veliko veselje je , Tkole .
Artur-J	multiple_known_speakers	Artur-J-Gvecg-P500064	Artur-J-Gvecg-P500064.resegsent7267	241758	241797	38	2	0.763	yes	Artur-J-G3139:29; Artur-J-G3136:9	Artur-J-G3139(SEX=ženski, AGE=30 do 59 let, EDUCATION=fakulteta ali več, PERM-RESD=osrednjeslovenska); Artur-J-G3136(SEX=moški, AGE=30 do 59 let, EDUCATION=višja ali visoka šola, PERM-RESD=-)	Artur-J-Gvecg-P500064.u37:21; Artur-J-Gvecg-P500064.u38:9; Artur-J-Gvecg-P500064.u36:8		Artur-J-Gvecg-P500064	no	1-8:Artur-J-G3139(Artur-J-Gvecg-P500064.u36); 9-29:Artur-J-G3139(Artur-J-Gvecg-P500064.u37); 30-38:Artur-J-G3136(Artur-J-Gvecg-P500064.u38)	Artur-J-Gvecg-P500064.u36:Artur-J-G3139:1458.317-1461.053; Artur-J-Gvecg-P500064.u37:Artur-J-G3139:1461.053-1467.293:trans=smooth; Artur-J-Gvecg-P500064.u38:Artur-J-G3136:1461.053-1467.293:trans=overlap	omit sentence-level speaker_id; use suggested_speaker_segments	To , torej o , e , pobuda pri… , pričakujete torej kakšno pobudo in se lahko potem zgodijo premiki tudi na tem področju , kjer bi si bolniki Ta… , bi se vključilo , tako ja .
Artur-J	multiple_known_speakers	Artur-J-Gvecg-P500064	Artur-J-Gvecg-P500064.resegsent7335	244108	244184	75	2	0.973	yes	Artur-J-G3138:73; Artur-J-G3139:2	Artur-J-G3138(SEX=moški, AGE=30 do 59 let, EDUCATION=višja ali visoka šola, PERM-RESD=osrednjeslovenska); Artur-J-G3139(SEX=ženski, AGE=30 do 59 let, EDUCATION=fakulteta ali več, PERM-RESD=osrednjeslovenska)	Artur-J-Gvecg-P500064.u60:70; Artur-J-Gvecg-P500064.u58:3; Artur-J-Gvecg-P500064.u59:2		Artur-J-Gvecg-P500064	no	1-3:Artur-J-G3138(Artur-J-Gvecg-P500064.u58); 4-5:Artur-J-G3139(Artur-J-Gvecg-P500064.u59); 6-75:Artur-J-G3138(Artur-J-Gvecg-P500064.u60)	Artur-J-Gvecg-P500064.u58:Artur-J-G3138:2223.856-2225.718:trans=smooth; Artur-J-Gvecg-P500064.u59:Artur-J-G3139:2223.856-2225.718:trans=overlap; Artur-J-Gvecg-P500064.u60:Artur-J-G3138:2225.718-2247.160	omit sentence-level speaker_id; use suggested_speaker_segments	e , da Jih izobrazit da , da ne bojo več tko ravnal provzaprov ljudje , ki so žrtve tega ravnanja , səvəda je treba tud njim pomagat , ampak oni niso tisti , kə bi mogli bit v fokusu v smislu , da bi , da bi mogli zdej oni se začet drugač obnašat al pa bit opolnomočeni , provzaprov je treba celo družbo opolnomočit , da zna prepoznavat te vzorce vedenja izključevalne .
Artur-J	multiple_known_speakers	Artur-J-Gvecg-P580002	Artur-J-Gvecg-P580002.resegsent7827	261134	261171	36	2	0.972	yes	Artur-J-G4528:35; Artur-J-G4529:1	Artur-J-G4529(SEX=ženski, AGE=30 do 59 let, EDUCATION=višja ali visoka šola, PERM-RESD=-); Artur-J-G4528(SEX=ženski, AGE=nad 60 let, EDUCATION=fakulteta ali več, PERM-RESD=-)	Artur-J-Gvecg-P580002.u32:35; Artur-J-Gvecg-P580002.u31:1		Artur-J-Gvecg-P580002	no	1:Artur-J-G4529(Artur-J-Gvecg-P580002.u31); 2-36:Artur-J-G4528(Artur-J-Gvecg-P580002.u32)	Artur-J-Gvecg-P580002.u31:Artur-J-G4529:961.191-973.820; Artur-J-Gvecg-P580002.u32:Artur-J-G4528:973.820-990.496	omit sentence-level speaker_id; use suggested_speaker_segments	""" Tako je , kər bom rekla , delodajalci v tem predkoronskem obdoboju , ko je bilo dejanska , eem , bom rekla , kər globoka kriza , glede , eee , pridobivanja potrebnega kadra ."
Artur-J	multiple_known_speakers	Artur-J-Gvecg-P580003	Artur-J-Gvecg-P580003.resegsent7893	262598	262615	16	2	0.688	yes	Artur-J-G4531:11; Artur-J-G4530:5	Artur-J-G4531(SEX=ženski, AGE=nad 60 let, EDUCATION=višja ali visoka šola, PERM-RESD=savinjska); Artur-J-G4530(SEX=moški, AGE=30 do 59 let, EDUCATION=-, PERM-RESD=osrednjeslovenska)	Artur-J-Gvecg-P580003.u3:8; Artur-J-Gvecg-P580003.u2:5; Artur-J-Gvecg-P580003.u1:3		Artur-J-Gvecg-P580003	no	1-3:Artur-J-G4531(Artur-J-Gvecg-P580003.u1); 4-8:Artur-J-G4530(Artur-J-Gvecg-P580003.u2); 9-16:Artur-J-G4531(Artur-J-Gvecg-P580003.u3)	Artur-J-Gvecg-P580003.u1:Artur-J-G4531:0.000-28.551; Artur-J-Gvecg-P580003.u2:Artur-J-G4530:28.551-31.474; Artur-J-Gvecg-P580003.u3:Artur-J-G4531:31.474-40.464	omit sentence-level speaker_id; use suggested_speaker_segments	klinči , živjo Lep pozdrav na Štajerski val Del tvojega glasbenega značaja je čista zafrkancija .
Artur-J	multiple_known_speakers	Artur-J-Gvecg-P580003	Artur-J-Gvecg-P580003.resegsent7908	263167	263195	27	2	0.889	yes	Artur-J-G4530:24; Artur-J-G4531:3	Artur-J-G4530(SEX=moški, AGE=30 do 59 let, EDUCATION=-, PERM-RESD=osrednjeslovenska); Artur-J-G4531(SEX=ženski, AGE=nad 60 let, EDUCATION=višja ali visoka šola, PERM-RESD=savinjska)	Artur-J-Gvecg-P580003.u12:18; Artur-J-Gvecg-P580003.u14:4; Artur-J-Gvecg-P580003.u15:3; Artur-J-Gvecg-P580003.u13:2		Artur-J-Gvecg-P580003	no	1-18:Artur-J-G4530(Artur-J-Gvecg-P580003.u12); 19-20:Artur-J-G4530(Artur-J-Gvecg-P580003.u13); 21-24:Artur-J-G4530(Artur-J-Gvecg-P580003.u14); 25-27:Artur-J-G4531(Artur-J-Gvecg-P580003.u15)	Artur-J-Gvecg-P580003.u12:Artur-J-G4530:199.799-204.897; Artur-J-Gvecg-P580003.u13:Artur-J-G4530:204.897-206.131; Artur-J-Gvecg-P580003.u14:Artur-J-G4530:206.131-207.162:trans=smooth; Artur-J-Gvecg-P580003.u15:Artur-J-G4531:206.131-207.162:trans=overlap	omit sentence-level speaker_id; use suggested_speaker_segments	torəj Tilən Artač , ko smo ga prvič vidəl na oddaji , kjer je imitirov , e , določene like in jih izvajal , Tudi tebe .
Artur-J	multiple_known_speakers	Artur-J-Gvecg-P580003	Artur-J-Gvecg-P580003.resegsent8022	266867	266955	87	2	0.989	yes	Artur-J-G4530:86; Artur-J-G4531:1	Artur-J-G4531(SEX=ženski, AGE=nad 60 let, EDUCATION=višja ali visoka šola, PERM-RESD=savinjska); Artur-J-G4530(SEX=moški, AGE=30 do 59 let, EDUCATION=-, PERM-RESD=osrednjeslovenska)	Artur-J-Gvecg-P580003.u74:86; Artur-J-Gvecg-P580003.u73:1		Artur-J-Gvecg-P580003	no	1:Artur-J-G4531(Artur-J-Gvecg-P580003.u73); 2-87:Artur-J-G4530(Artur-J-Gvecg-P580003.u74)	Artur-J-Gvecg-P580003.u73:Artur-J-G4531:1212.563-1221.218; Artur-J-Gvecg-P580003.u74:Artur-J-G4530:1221.218-1244.217	omit sentence-level speaker_id; use suggested_speaker_segments	""" Ja , no , če kdo loh to reče , je to on , ne , ki je pər svojih , misəm da že čez osəmsət , se izredno dobər drži in je na nek način tud en tak ptič kət jəs , bi reku , eee , cel življenje se j trudu v teh stvareh , da je in al zabavo argo… organizirov zadeve , in še zdəj provzoprov ne popušča , in če od tazga človeka dobiš tako stvar , je kər čast ."
Artur-J	multiple_known_speakers	Artur-J-Gvecg-P580004	Artur-J-Gvecg-P580004.resegsent8294	272494	272514	19	2	0.947	yes	Artur-J-G4532:18; Artur-J-G4531:1	Artur-J-G4531(SEX=ženski, AGE=nad 60 let, EDUCATION=višja ali visoka šola, PERM-RESD=savinjska); Artur-J-G4532(SEX=moški, AGE=18 do 34 let, EDUCATION=višja ali visoka šola, PERM-RESD=savinjska)	Artur-J-Gvecg-P580004.u127:18; Artur-J-Gvecg-P580004.u126:1		Artur-J-Gvecg-P580004	no	1:Artur-J-G4531(Artur-J-Gvecg-P580004.u126); 2-19:Artur-J-G4532(Artur-J-Gvecg-P580004.u127)	Artur-J-Gvecg-P580004.u126:Artur-J-G4531:1068.546-1074.345; Artur-J-Gvecg-P580004.u127:Artur-J-G4532:1074.345-1078.095	omit sentence-level speaker_id; use suggested_speaker_segments	""" Tam pa me , ja , vpraša za mnenje , eem , tako kot tudi jaz njo ."
Artur-J	multiple_known_speakers	Artur-J-Gvecg-P580004	Artur-J-Gvecg-P580004.resegsent8358	273712	273723	10	2	0.500	no	Artur-J-G4533:5; Artur-J-G4531:5	Artur-J-G4533(SEX=ženski, AGE=18 do 34 let, EDUCATION=višja ali visoka šola, PERM-RESD=savinjska); Artur-J-G4531(SEX=ženski, AGE=nad 60 let, EDUCATION=višja ali visoka šola, PERM-RESD=savinjska)	Artur-J-Gvecg-P580004.u170:5; Artur-J-Gvecg-P580004.u171:5		Artur-J-Gvecg-P580004	no	1-5:Artur-J-G4533(Artur-J-Gvecg-P580004.u170); 6-10:Artur-J-G4531(Artur-J-Gvecg-P580004.u171)	Artur-J-Gvecg-P580004.u170:Artur-J-G4533:1427.495-1429.427:trans=overlap; Artur-J-Gvecg-P580004.u171:Artur-J-G4531:1429.427-1431.234	omit sentence-level speaker_id; use suggested_speaker_segments	či… , čisto malo , Kər bo kmalu kosilo .
Artur-J	multiple_known_speakers	Artur-J-Gvecg-P580006	Artur-J-Gvecg-P580006.resegsent8546	278119	278133	13	2	0.923	yes	Artur-J-G4535:12; Artur-J-G4529:1	Artur-J-G4529(SEX=ženski, AGE=30 do 59 let, EDUCATION=višja ali visoka šola, PERM-RESD=-); Artur-J-G4535(SEX=moški, AGE=nad 60 let, EDUCATION=fakulteta ali več, PERM-RESD=savinjska)	Artur-J-Gvecg-P580006.u11:12; Artur-J-Gvecg-P580006.u10:1		Artur-J-Gvecg-P580006	no	1:Artur-J-G4529(Artur-J-Gvecg-P580006.u10); 2-13:Artur-J-G4535(Artur-J-Gvecg-P580006.u11)	Artur-J-Gvecg-P580006.u10:Artur-J-G4529:139.396-149.377; Artur-J-Gvecg-P580006.u11:Artur-J-G4535:149.377-156.987	omit sentence-level speaker_id; use suggested_speaker_segments	""" Ja , to pa rad povem in tudi vedno znova ponavljam ."
Artur-J	multiple_known_speakers	Artur-J-Gvecg-P580006	Artur-J-Gvecg-P580006.resegsent8564	278548	278560	11	2	0.818	yes	Artur-J-G4535:9; Artur-J-G4529:2	Artur-J-G4535(SEX=moški, AGE=nad 60 let, EDUCATION=fakulteta ali več, PERM-RESD=savinjska); Artur-J-G4529(SEX=ženski, AGE=30 do 59 let, EDUCATION=višja ali visoka šola, PERM-RESD=-)	Artur-J-Gvecg-P580006.u23:9; Artur-J-Gvecg-P580006.u24:2		Artur-J-Gvecg-P580006	no	1-9:Artur-J-G4535(Artur-J-Gvecg-P580006.u23); 10-11:Artur-J-G4529(Artur-J-Gvecg-P580006.u24)	Artur-J-Gvecg-P580006.u23:Artur-J-G4535:263.227-272.787:trans=smooth; Artur-J-Gvecg-P580006.u24:Artur-J-G4529:263.227-272.787:trans=overlap	omit sentence-level speaker_id; use suggested_speaker_segments	ampak bli smo pa blizu , kər tista leta Tako .
Artur-J	multiple_known_speakers	Artur-J-Gvecg-P580006	Artur-J-Gvecg-P580006.resegsent8565	278561	278587	25	2	0.880	yes	Artur-J-G4535:22; Artur-J-G4529:3	Artur-J-G4535(SEX=moški, AGE=nad 60 let, EDUCATION=fakulteta ali več, PERM-RESD=savinjska); Artur-J-G4529(SEX=ženski, AGE=30 do 59 let, EDUCATION=višja ali visoka šola, PERM-RESD=-)	Artur-J-Gvecg-P580006.u25:22; Artur-J-Gvecg-P580006.u26:3		Artur-J-Gvecg-P580006	no	1-22:Artur-J-G4535(Artur-J-Gvecg-P580006.u25); 23-25:Artur-J-G4529(Artur-J-Gvecg-P580006.u26)	Artur-J-Gvecg-P580006.u25:Artur-J-G4535:263.227-272.787:trans=overlap; Artur-J-Gvecg-P580006.u26:Artur-J-G4529:263.227-272.787:trans=overlap	omit sentence-level speaker_id; use suggested_speaker_segments	so bla pač leta usmerjenega izobraževanja , nas ni bilo tako zelo veliko v šoli , kot nas je danəs al pa Res je .
Artur-J	multiple_known_speakers	Artur-J-Gvecg-P580006	Artur-J-Gvecg-P580006.resegsent8579	278781	278792	10	2	0.700	yes	Artur-J-G4535:7; Artur-J-G4529:3	Artur-J-G4529(SEX=ženski, AGE=30 do 59 let, EDUCATION=višja ali visoka šola, PERM-RESD=-); Artur-J-G4535(SEX=moški, AGE=nad 60 let, EDUCATION=fakulteta ali več, PERM-RESD=savinjska)	Artur-J-Gvecg-P580006.u37:7; Artur-J-Gvecg-P580006.u36:3		Artur-J-Gvecg-P580006	no	1-3:Artur-J-G4529(Artur-J-Gvecg-P580006.u36); 4-10:Artur-J-G4535(Artur-J-Gvecg-P580006.u37)	Artur-J-Gvecg-P580006.u36:Artur-J-G4529:319.599-323.053:trans=overlap; Artur-J-Gvecg-P580006.u37:Artur-J-G4535:319.599-323.053:trans=overlap	omit sentence-level speaker_id; use suggested_speaker_segments	Pohlevni gimnazijci ravno Tako je , ja pa so .
Artur-J	multiple_known_speakers	Artur-J-Gvecg-P580006	Artur-J-Gvecg-P580006.resegsent8592	279139	279144	4	2	0.750	yes	Artur-J-G4529:3; Artur-J-G4535:1	Artur-J-G4535(SEX=moški, AGE=nad 60 let, EDUCATION=fakulteta ali več, PERM-RESD=savinjska); Artur-J-G4529(SEX=ženski, AGE=30 do 59 let, EDUCATION=višja ali visoka šola, PERM-RESD=-)	Artur-J-Gvecg-P580006.u42:3; Artur-J-Gvecg-P580006.u41:1		Artur-J-Gvecg-P580006	no	1:Artur-J-G4535(Artur-J-Gvecg-P580006.u41); 2-4:Artur-J-G4529(Artur-J-Gvecg-P580006.u42)	Artur-J-Gvecg-P580006.u41:Artur-J-G4535:366.033-409.333; Artur-J-Gvecg-P580006.u42:Artur-J-G4529:409.333-409.937	omit sentence-level speaker_id; use suggested_speaker_segments	""" Sva nazaj ."
Artur-J	multiple_known_speakers	Artur-J-Gvecg-P580006	Artur-J-Gvecg-P580006.resegsent8596	279231	279271	39	2	0.897	yes	Artur-J-G4529:35; Artur-J-G4535:4	Artur-J-G4529(SEX=ženski, AGE=30 do 59 let, EDUCATION=višja ali visoka šola, PERM-RESD=-); Artur-J-G4535(SEX=moški, AGE=nad 60 let, EDUCATION=fakulteta ali več, PERM-RESD=savinjska)	Artur-J-Gvecg-P580006.u47:19; Artur-J-Gvecg-P580006.u48:14; Artur-J-Gvecg-P580006.u49:4; Artur-J-Gvecg-P580006.u50:2		Artur-J-Gvecg-P580006	no	1-19:Artur-J-G4529(Artur-J-Gvecg-P580006.u47); 20-33:Artur-J-G4529(Artur-J-Gvecg-P580006.u48); 34-37:Artur-J-G4535(Artur-J-Gvecg-P580006.u49); 38-39:Artur-J-G4529(Artur-J-Gvecg-P580006.u50)	Artur-J-Gvecg-P580006.u47:Artur-J-G4529:430.927-444.792; Artur-J-Gvecg-P580006.u48:Artur-J-G4529:444.792-448.413:trans=smooth; Artur-J-Gvecg-P580006.u49:Artur-J-G4535:444.792-448.413:trans=overlap; Artur-J-Gvecg-P580006.u50:Artur-J-G4529:448.413-451.375:trans=smooth	omit sentence-level speaker_id; use suggested_speaker_segments	pa številni športniki , glasbeniki , igralci , tudi iz mlajših generacij , Tanja Ribič , Nuška Draščək , Andreja Zakonjšək Krt , Tina Gorenjak , Leon Firšč , samo nekaj sem jih Ah , uf , omenila .
Artur-J	multiple_known_speakers	Artur-J-Gvecg-P580006	Artur-J-Gvecg-P580006.resegsent8597	279272	279299	26	2	0.885	yes	Artur-J-G4535:23; Artur-J-G4529:3	Artur-J-G4535(SEX=moški, AGE=nad 60 let, EDUCATION=fakulteta ali več, PERM-RESD=savinjska); Artur-J-G4529(SEX=ženski, AGE=30 do 59 let, EDUCATION=višja ali visoka šola, PERM-RESD=-)	Artur-J-Gvecg-P580006.u52:12; Artur-J-Gvecg-P580006.u51:11; Artur-J-Gvecg-P580006.u53:3		Artur-J-Gvecg-P580006	no	1-11:Artur-J-G4535(Artur-J-Gvecg-P580006.u51); 12-23:Artur-J-G4535(Artur-J-Gvecg-P580006.u52); 24-26:Artur-J-G4529(Artur-J-Gvecg-P580006.u53)	Artur-J-Gvecg-P580006.u51:Artur-J-G4535:448.413-451.375:trans=overlap; Artur-J-Gvecg-P580006.u52:Artur-J-G4535:451.375-454.431:trans=smooth; Artur-J-Gvecg-P580006.u53:Artur-J-G4529:451.375-454.431:trans=overlap	omit sentence-level speaker_id; use suggested_speaker_segments	res je , o… ogromno je teh ljudi , no , eni izmed njih ste tudi vi , ker greste po taki lepi Hvala lepa .
Artur-J	multiple_known_speakers	Artur-J-Gvecg-P580006	Artur-J-Gvecg-P580006.resegsent8609	279635	279648	12	2	0.833	yes	Artur-J-G4529:10; Artur-J-G4535:2	Artur-J-G4535(SEX=moški, AGE=nad 60 let, EDUCATION=fakulteta ali več, PERM-RESD=savinjska); Artur-J-G4529(SEX=ženski, AGE=30 do 59 let, EDUCATION=višja ali visoka šola, PERM-RESD=-)	Artur-J-Gvecg-P580006.u61:10; Artur-J-Gvecg-P580006.u60:2		Artur-J-Gvecg-P580006	no	1-2:Artur-J-G4535(Artur-J-Gvecg-P580006.u60); 3-12:Artur-J-G4529(Artur-J-Gvecg-P580006.u61)	Artur-J-Gvecg-P580006.u60:Artur-J-G4535:550.593-554.465:trans=smooth; Artur-J-Gvecg-P580006.u61:Artur-J-G4529:550.593-554.465:trans=overlap	omit sentence-level speaker_id; use suggested_speaker_segments	ja , Se mi je zdelo , eno vprašanje moram prečrtat .
Artur-J	multiple_known_speakers	Artur-J-Gvecg-P580006	Artur-J-Gvecg-P580006.resegsent8636	280281	280296	14	2	0.857	yes	Artur-J-G4535:12; Artur-J-G4529:2	Artur-J-G4535(SEX=moški, AGE=nad 60 let, EDUCATION=fakulteta ali več, PERM-RESD=savinjska); Artur-J-G4529(SEX=ženski, AGE=30 do 59 let, EDUCATION=višja ali visoka šola, PERM-RESD=-)	Artur-J-Gvecg-P580006.u74:12; Artur-J-Gvecg-P580006.u75:2		Artur-J-Gvecg-P580006	no	1-12:Artur-J-G4535(Artur-J-Gvecg-P580006.u74); 13-14:Artur-J-G4529(Artur-J-Gvecg-P580006.u75)	Artur-J-Gvecg-P580006.u74:Artur-J-G4535:742.535-747.178:trans=smooth; Artur-J-Gvecg-P580006.u75:Artur-J-G4529:742.535-747.178:trans=overlap	omit sentence-level speaker_id; use suggested_speaker_segments	səvəda , pomisliva , pomisliva na angleščino , pomisliva na francoščino , Angleščina …
Artur-J	multiple_known_speakers	Artur-J-Gvecg-P580006	Artur-J-Gvecg-P580006.resegsent8641	280390	280400	9	2	0.778	yes	Artur-J-G4535:7; Artur-J-G4529:2	Artur-J-G4535(SEX=moški, AGE=nad 60 let, EDUCATION=fakulteta ali več, PERM-RESD=savinjska); Artur-J-G4529(SEX=ženski, AGE=30 do 59 let, EDUCATION=višja ali visoka šola, PERM-RESD=-)	Artur-J-Gvecg-P580006.u78:7; Artur-J-Gvecg-P580006.u79:2		Artur-J-Gvecg-P580006	no	1-7:Artur-J-G4535(Artur-J-Gvecg-P580006.u78); 8-9:Artur-J-G4529(Artur-J-Gvecg-P580006.u79)	Artur-J-Gvecg-P580006.u78:Artur-J-G4535:765.919-769.574:trans=smooth; Artur-J-Gvecg-P580006.u79:Artur-J-G4529:765.919-769.574:trans=overlap	omit sentence-level speaker_id; use suggested_speaker_segments	""" To že zdavnej ni res , Ja ."
Artur-J	multiple_known_speakers	Artur-J-Gvecg-P580006	Artur-J-Gvecg-P580006.resegsent8695	281731	281748	16	2	0.688	yes	Artur-J-G4529:11; Artur-J-G4535:5	Artur-J-G4529(SEX=ženski, AGE=30 do 59 let, EDUCATION=višja ali visoka šola, PERM-RESD=-); Artur-J-G4535(SEX=moški, AGE=nad 60 let, EDUCATION=fakulteta ali več, PERM-RESD=savinjska)	Artur-J-Gvecg-P580006.u109:11; Artur-J-Gvecg-P580006.u110:5		Artur-J-Gvecg-P580006	no	1-11:Artur-J-G4529(Artur-J-Gvecg-P580006.u109); 12-16:Artur-J-G4535(Artur-J-Gvecg-P580006.u110)	Artur-J-Gvecg-P580006.u109:Artur-J-G4529:1148.252-1156.246; Artur-J-Gvecg-P580006.u110:Artur-J-G4535:1156.246-1164.993:trans=smooth	omit sentence-level speaker_id; use suggested_speaker_segments	nekako tridəsət let oziroma , kot smo se prejle pogovarjali , Še kakšno leto več .
Artur-J	multiple_known_speakers	Artur-J-Gvecg-P580006	Artur-J-Gvecg-P580006.resegsent8697	281756	281790	33	2	0.939	yes	Artur-J-G4535:31; Artur-J-G4529:2	Artur-J-G4535(SEX=moški, AGE=nad 60 let, EDUCATION=fakulteta ali več, PERM-RESD=savinjska); Artur-J-G4529(SEX=ženski, AGE=30 do 59 let, EDUCATION=višja ali visoka šola, PERM-RESD=-)	Artur-J-Gvecg-P580006.u112:31; Artur-J-Gvecg-P580006.u113:2		Artur-J-Gvecg-P580006	no	1-31:Artur-J-G4535(Artur-J-Gvecg-P580006.u112); 32-33:Artur-J-G4529(Artur-J-Gvecg-P580006.u113)	Artur-J-Gvecg-P580006.u112:Artur-J-G4535:1156.246-1164.993:trans=overlap; Artur-J-Gvecg-P580006.u113:Artur-J-G4529:1156.246-1164.993:trans=overlap	omit sentence-level speaker_id; use suggested_speaker_segments	"eee , namrəč , jəs se spomnim , da so nam govorili : "" Kmalu bo pa nova telovadnica "" , "" in to je že kər neki let nazaj , Ja ."
Artur-J	multiple_known_speakers	Artur-J-Gvecg-P580006	Artur-J-Gvecg-P580006.resegsent8703	281899	281910	10	2	0.900	yes	Artur-J-G4529:9; Artur-J-G4535:1	Artur-J-G4535(SEX=moški, AGE=nad 60 let, EDUCATION=fakulteta ali več, PERM-RESD=savinjska); Artur-J-G4529(SEX=ženski, AGE=30 do 59 let, EDUCATION=višja ali visoka šola, PERM-RESD=-)	Artur-J-Gvecg-P580006.u116:9; Artur-J-Gvecg-P580006.u115:1		Artur-J-Gvecg-P580006	no	1:Artur-J-G4535(Artur-J-Gvecg-P580006.u115); 2-10:Artur-J-G4529(Artur-J-Gvecg-P580006.u116)	Artur-J-Gvecg-P580006.u115:Artur-J-G4535:1168.989-1189.576; Artur-J-Gvecg-P580006.u116:Artur-J-G4529:1189.576-1191.858:trans=smooth	omit sentence-level speaker_id; use suggested_speaker_segments	""" Pa je prišla tista pomlad , a ne ."
Artur-J	multiple_known_speakers	Artur-J-Gvecg-P580006	Artur-J-Gvecg-P580006.resegsent8732	282778	282806	27	2	0.852	yes	Artur-J-G4535:23; Artur-J-G4529:4	Artur-J-G4535(SEX=moški, AGE=nad 60 let, EDUCATION=fakulteta ali več, PERM-RESD=savinjska); Artur-J-G4529(SEX=ženski, AGE=30 do 59 let, EDUCATION=višja ali visoka šola, PERM-RESD=-)	Artur-J-Gvecg-P580006.u133:23; Artur-J-Gvecg-P580006.u134:4		Artur-J-Gvecg-P580006	no	1-23:Artur-J-G4535(Artur-J-Gvecg-P580006.u133); 24-27:Artur-J-G4529(Artur-J-Gvecg-P580006.u134)	Artur-J-Gvecg-P580006.u133:Artur-J-G4535:1407.518-1471.150; Artur-J-Gvecg-P580006.u134:Artur-J-G4529:1471.150-1473.841:trans=smooth	omit sentence-level speaker_id; use suggested_speaker_segments	""" In səvəda to je zelo res , ne , tu , v teh lepih kozjanskih vinogradniških krajih , ker tudi jəs imam Jih dobro poznate ?"
Artur-J	multiple_known_speakers	Artur-J-Gvecg-P580006	Artur-J-Gvecg-P580006.resegsent8784	284182	284198	15	2	0.733	yes	Artur-J-G4535:11; Artur-J-G4529:4	Artur-J-G4535(SEX=moški, AGE=nad 60 let, EDUCATION=fakulteta ali več, PERM-RESD=savinjska); Artur-J-G4529(SEX=ženski, AGE=30 do 59 let, EDUCATION=višja ali visoka šola, PERM-RESD=-)	Artur-J-Gvecg-P580006.u164:11; Artur-J-Gvecg-P580006.u165:4		Artur-J-Gvecg-P580006	no	1-11:Artur-J-G4535(Artur-J-Gvecg-P580006.u164); 12-15:Artur-J-G4529(Artur-J-Gvecg-P580006.u165)	Artur-J-Gvecg-P580006.u164:Artur-J-G4535:1866.698-1871.016:trans=smooth; Artur-J-Gvecg-P580006.u165:Artur-J-G4529:1866.698-1871.016:trans=overlap	omit sentence-level speaker_id; use suggested_speaker_segments	no , imam dve hčerki , səvəda že krepko odrasli , Po šoli boste .
Artur-J	multiple_known_speakers	Artur-J-Gvecg-P580006	Artur-J-Gvecg-P580006.resegsent8787	284374	284403	28	2	0.821	yes	Artur-J-G4535:23; Artur-J-G4529:5	Artur-J-G4535(SEX=moški, AGE=nad 60 let, EDUCATION=fakulteta ali več, PERM-RESD=savinjska); Artur-J-G4529(SEX=ženski, AGE=30 do 59 let, EDUCATION=višja ali visoka šola, PERM-RESD=-)	Artur-J-Gvecg-P580006.u168:23; Artur-J-Gvecg-P580006.u169:5		Artur-J-Gvecg-P580006	no	1-23:Artur-J-G4535(Artur-J-Gvecg-P580006.u168); 24-28:Artur-J-G4529(Artur-J-Gvecg-P580006.u169)	Artur-J-Gvecg-P580006.u168:Artur-J-G4535:1926.860-1933.780; Artur-J-Gvecg-P580006.u169:Artur-J-G4529:1933.780-1938.462:trans=smooth	omit sentence-level speaker_id; use suggested_speaker_segments	hvala lepa , səm zelo počaščen in vesel , da ste me povabili na Štajerski val , po srcu səm Štajerc tudi , In malo tudi Kozjanc .
Artur-J	multiple_known_speakers	Artur-J-Gvecg-P580009	Artur-J-Gvecg-P580009.resegsent9215	295600	295620	19	2	0.947	yes	Artur-J-G4539:18; Artur-J-G4538:1	Artur-J-G4538(SEX=moški, AGE=nad 60 let, EDUCATION=višja ali visoka šola, PERM-RESD=savinjska); Artur-J-G4539(SEX=ženski, AGE=30 do 59 let, EDUCATION=višja ali visoka šola, PERM-RESD=savinjska)	Artur-J-Gvecg-P580009.u44:18; Artur-J-Gvecg-P580009.u43:1		Artur-J-Gvecg-P580009	no	1:Artur-J-G4538(Artur-J-Gvecg-P580009.u43); 2-19:Artur-J-G4539(Artur-J-Gvecg-P580009.u44)	Artur-J-Gvecg-P580009.u43:Artur-J-G4538:699.628-736.689; Artur-J-Gvecg-P580009.u44:Artur-J-G4539:736.689-745.286	omit sentence-level speaker_id; use suggested_speaker_segments	""" Ampak ti kapitalski interesi , ne , to je zdej skorajda d… del sodobnega novinarstva , ne ."
Artur-J	multiple_known_speakers	Artur-J-Gvecg-P580010	Artur-J-Gvecg-P580010.resegsent9280	297500	297509	8	2	0.875	yes	Artur-J-G4540:7; Artur-J-G4539:1	Artur-J-G4539(SEX=ženski, AGE=30 do 59 let, EDUCATION=višja ali visoka šola, PERM-RESD=savinjska); Artur-J-G4540(SEX=moški, AGE=-, EDUCATION=-, PERM-RESD=savinjska)	Artur-J-Gvecg-P580010.u13:7; Artur-J-Gvecg-P580010.u12:1		Artur-J-Gvecg-P580010	no	1:Artur-J-G4539(Artur-J-Gvecg-P580010.u12); 2-8:Artur-J-G4540(Artur-J-Gvecg-P580010.u13)	Artur-J-Gvecg-P580010.u12:Artur-J-G4539:110.203-125.590; Artur-J-Gvecg-P580010.u13:Artur-J-G4540:125.590-127.512	omit sentence-level speaker_id; use suggested_speaker_segments	""" Korošica se je zgodila že prej ."
Artur-J	multiple_known_speakers	Artur-J-Gvecg-P580010	Artur-J-Gvecg-P580010.resegsent9449	301633	301655	21	2	0.714	yes	Artur-J-G4540:15; Artur-J-G4539:6	Artur-J-G4539(SEX=ženski, AGE=30 do 59 let, EDUCATION=višja ali visoka šola, PERM-RESD=savinjska); Artur-J-G4540(SEX=moški, AGE=-, EDUCATION=-, PERM-RESD=savinjska)	Artur-J-Gvecg-P580010.u112:15; Artur-J-Gvecg-P580010.u111:6		Artur-J-Gvecg-P580010	no	1-6:Artur-J-G4539(Artur-J-Gvecg-P580010.u111); 7-21:Artur-J-G4540(Artur-J-Gvecg-P580010.u112)	Artur-J-Gvecg-P580010.u111:Artur-J-G4539:1242.027-1244.021; Artur-J-Gvecg-P580010.u112:Artur-J-G4540:1244.021-1249.601	omit sentence-level speaker_id; use suggested_speaker_segments	, izziv za naslednja leta , Trenutno me še bol vleče plezarija kot pa hoja po teh dvatisočakih , no .
Artur-J	multiple_known_speakers	Artur-J-Gvecg-P580012	Artur-J-Gvecg-P580012.resegsent9712	308182	308197	14	2	0.857	yes	Artur-J-G4531:12; Artur-J-G4542:2	Artur-J-G4531(SEX=ženski, AGE=nad 60 let, EDUCATION=višja ali visoka šola, PERM-RESD=savinjska); Artur-J-G4542(SEX=moški, AGE=30 do 59 let, EDUCATION=srednja šola, PERM-RESD=osrednjeslovenska)	Artur-J-Gvecg-P580012.u46:12; Artur-J-Gvecg-P580012.u47:2		Artur-J-Gvecg-P580012	no	1-12:Artur-J-G4531(Artur-J-Gvecg-P580012.u46); 13-14:Artur-J-G4542(Artur-J-Gvecg-P580012.u47)	Artur-J-Gvecg-P580012.u46:Artur-J-G4531:352.457-356.862; Artur-J-Gvecg-P580012.u47:Artur-J-G4542:356.862-357.267	omit sentence-level speaker_id; use suggested_speaker_segments	v šestəm razredu so te skoraj spet selili v drugo šolo , Mhm .
Artur-J	multiple_known_speakers	Artur-J-Gvecg-P580012	Artur-J-Gvecg-P580012.resegsent9717	308268	308280	11	2	0.636	yes	Artur-J-G4542:7; Artur-J-G4531:4	Artur-J-G4542(SEX=moški, AGE=30 do 59 let, EDUCATION=srednja šola, PERM-RESD=osrednjeslovenska); Artur-J-G4531(SEX=ženski, AGE=nad 60 let, EDUCATION=višja ali visoka šola, PERM-RESD=savinjska)	Artur-J-Gvecg-P580012.u53:7; Artur-J-Gvecg-P580012.u54:4		Artur-J-Gvecg-P580012	no	1-7:Artur-J-G4542(Artur-J-Gvecg-P580012.u53); 8-11:Artur-J-G4531(Artur-J-Gvecg-P580012.u54)	Artur-J-Gvecg-P580012.u53:Artur-J-G4542:370.587-372.962:trans=smooth; Artur-J-Gvecg-P580012.u54:Artur-J-G4531:370.587-372.962:trans=overlap	omit sentence-level speaker_id; use suggested_speaker_segments	ker konc koncəv smo bli v Sloveniji A , takrat .
Artur-J	multiple_known_speakers	Artur-J-Gvecg-P580012	Artur-J-Gvecg-P580012.resegsent9722	308444	308471	26	2	0.962	yes	Artur-J-G4531:25; Artur-J-G4542:1	Artur-J-G4542(SEX=moški, AGE=30 do 59 let, EDUCATION=srednja šola, PERM-RESD=osrednjeslovenska); Artur-J-G4531(SEX=ženski, AGE=nad 60 let, EDUCATION=višja ali visoka šola, PERM-RESD=savinjska)	Artur-J-Gvecg-P580012.u56:25; Artur-J-Gvecg-P580012.u55:1		Artur-J-Gvecg-P580012	no	1:Artur-J-G4542(Artur-J-Gvecg-P580012.u55); 2-26:Artur-J-G4531(Artur-J-Gvecg-P580012.u56)	Artur-J-Gvecg-P580012.u55:Artur-J-G4542:372.962-408.057; Artur-J-Gvecg-P580012.u56:Artur-J-G4531:408.057-417.387	omit sentence-level speaker_id; use suggested_speaker_segments	""" Vojne je konəc , Denis Avdič naj bi se vrnil v Bosno , toda o tem po skladbi Ako ima Boga skupine Bijelo dugme ."
Artur-J	multiple_known_speakers	Artur-J-Gvecg-P580012	Artur-J-Gvecg-P580012.resegsent9725	308493	308500	6	2	0.833	yes	Artur-J-G4542:5; Artur-J-G4531:1	Artur-J-G4531(SEX=ženski, AGE=nad 60 let, EDUCATION=višja ali visoka šola, PERM-RESD=savinjska); Artur-J-G4542(SEX=moški, AGE=30 do 59 let, EDUCATION=srednja šola, PERM-RESD=osrednjeslovenska)	Artur-J-Gvecg-P580012.u60:5; Artur-J-Gvecg-P580012.u59:1		Artur-J-Gvecg-P580012	no	1:Artur-J-G4531(Artur-J-Gvecg-P580012.u59); 2-6:Artur-J-G4542(Artur-J-Gvecg-P580012.u60)	Artur-J-Gvecg-P580012.u59:Artur-J-G4531:421.324-424.660; Artur-J-Gvecg-P580012.u60:Artur-J-G4542:424.660-447.898	omit sentence-level speaker_id; use suggested_speaker_segments	""" Ja , səm se ."
Artur-J	multiple_known_speakers	Artur-J-Gvecg-P580012	Artur-J-Gvecg-P580012.resegsent9739	308827	308831	3	2	0.667	yes	Artur-J-G4531:2; Artur-J-G4542:1	Artur-J-G4542(SEX=moški, AGE=30 do 59 let, EDUCATION=srednja šola, PERM-RESD=osrednjeslovenska); Artur-J-G4531(SEX=ženski, AGE=nad 60 let, EDUCATION=višja ali visoka šola, PERM-RESD=savinjska)	Artur-J-Gvecg-P580012.u65:2; Artur-J-Gvecg-P580012.u64:1		Artur-J-Gvecg-P580012	no	1:Artur-J-G4542(Artur-J-Gvecg-P580012.u64); 2-3:Artur-J-G4531(Artur-J-Gvecg-P580012.u65)	Artur-J-Gvecg-P580012.u64:Artur-J-G4542:477.992-507.803; Artur-J-Gvecg-P580012.u65:Artur-J-G4531:507.803-508.309	omit sentence-level speaker_id; use suggested_speaker_segments	""" Mhm ."
Artur-J	multiple_known_speakers	Artur-J-Gvecg-P580012	Artur-J-Gvecg-P580012.resegsent9814	310080	310084	3	2	0.667	yes	Artur-J-G4531:2; Artur-J-G4542:1	Artur-J-G4542(SEX=moški, AGE=30 do 59 let, EDUCATION=srednja šola, PERM-RESD=osrednjeslovenska); Artur-J-G4531(SEX=ženski, AGE=nad 60 let, EDUCATION=višja ali visoka šola, PERM-RESD=savinjska)	Artur-J-Gvecg-P580012.u107:2; Artur-J-Gvecg-P580012.u106:1		Artur-J-Gvecg-P580012	no	1:Artur-J-G4542(Artur-J-Gvecg-P580012.u106); 2-3:Artur-J-G4531(Artur-J-Gvecg-P580012.u107)	Artur-J-Gvecg-P580012.u106:Artur-J-G4542:1039.508-1049.130; Artur-J-Gvecg-P580012.u107:Artur-J-G4531:1049.130-1061.207	omit sentence-level speaker_id; use suggested_speaker_segments	""" Mhm ."
Artur-J	multiple_known_speakers	Artur-J-Gvecg-P580012	Artur-J-Gvecg-P580012.resegsent9818	310136	310156	19	2	0.632	yes	Artur-J-G4531:12; Artur-J-G4542:7	Artur-J-G4531(SEX=ženski, AGE=nad 60 let, EDUCATION=višja ali visoka šola, PERM-RESD=savinjska); Artur-J-G4542(SEX=moški, AGE=30 do 59 let, EDUCATION=srednja šola, PERM-RESD=osrednjeslovenska)	Artur-J-Gvecg-P580012.u109:7; Artur-J-Gvecg-P580012.u110:7; Artur-J-Gvecg-P580012.u111:5		Artur-J-Gvecg-P580012	no	1-7:Artur-J-G4531(Artur-J-Gvecg-P580012.u109); 8-14:Artur-J-G4542(Artur-J-Gvecg-P580012.u110); 15-19:Artur-J-G4531(Artur-J-Gvecg-P580012.u111)	Artur-J-Gvecg-P580012.u109:Artur-J-G4531:1064.926-1066.930; Artur-J-Gvecg-P580012.u110:Artur-J-G4542:1066.930-1068.630:trans=smooth; Artur-J-Gvecg-P580012.u111:Artur-J-G4531:1066.930-1068.630:trans=overlap	omit sentence-level speaker_id; use suggested_speaker_segments	bravo , bravo , še en poklon To je bla res neverjetna številka , in čestitke , ja .
Artur-J	multiple_known_speakers	Artur-J-Gvecg-P580012	Artur-J-Gvecg-P580012.resegsent9827	310265	310287	21	2	0.905	yes	Artur-J-G4542:19; Artur-J-G4531:2	Artur-J-G4542(SEX=moški, AGE=30 do 59 let, EDUCATION=srednja šola, PERM-RESD=osrednjeslovenska); Artur-J-G4531(SEX=ženski, AGE=nad 60 let, EDUCATION=višja ali visoka šola, PERM-RESD=savinjska)	Artur-J-Gvecg-P580012.u116:19; Artur-J-Gvecg-P580012.u117:2		Artur-J-Gvecg-P580012	no	1-19:Artur-J-G4542(Artur-J-Gvecg-P580012.u116); 20-21:Artur-J-G4531(Artur-J-Gvecg-P580012.u117)	Artur-J-Gvecg-P580012.u116:Artur-J-G4542:1074.057-1096.745; Artur-J-Gvecg-P580012.u117:Artur-J-G4531:1096.745-1098.015:trans=smooth	omit sentence-level speaker_id; use suggested_speaker_segments	medtem ko drugi mediji , televizija in tko naprej , se mi zdi pa , da nardi en zid Distanco .
Artur-J	multiple_known_speakers	Artur-J-Gvecg-P580012	Artur-J-Gvecg-P580012.resegsent10020	313529	313544	14	2	0.786	yes	Artur-J-G4531:11; Artur-J-G4542:3	Artur-J-G4542(SEX=moški, AGE=30 do 59 let, EDUCATION=srednja šola, PERM-RESD=osrednjeslovenska); Artur-J-G4531(SEX=ženski, AGE=nad 60 let, EDUCATION=višja ali visoka šola, PERM-RESD=savinjska)	Artur-J-Gvecg-P580013.u1:10; Artur-J-Gvecg-P580012.u212:3; Artur-J-Gvecg-P580012.u213:1		Artur-J-Gvecg-P580012; Artur-J-Gvecg-P580013	yes	1-3:Artur-J-G4542(Artur-J-Gvecg-P580012.u212); 4:Artur-J-G4531(Artur-J-Gvecg-P580012.u213); 5-14:Artur-J-G4531(Artur-J-Gvecg-P580013.u1)	Artur-J-Gvecg-P580012.u212:Artur-J-G4542:1876.062-1877.641; Artur-J-Gvecg-P580012.u213:Artur-J-G4531:1877.641-1878.418; Artur-J-Gvecg-P580013.u1:Artur-J-G4531:0.000-16.839	omit sentence-level speaker_id; use suggested_speaker_segments	srečno , adijo Čav rogatəc se lahko pohvali s kar nekaj zanimivimi ljudmi .
Artur-J	multiple_known_speakers	Artur-J-Gvecg-P580013	Artur-J-Gvecg-P580013.resegsent10023	313578	313610	31	2	0.968	yes	Artur-J-G4543:30; Artur-J-G4531:1	Artur-J-G4531(SEX=ženski, AGE=nad 60 let, EDUCATION=višja ali visoka šola, PERM-RESD=savinjska); Artur-J-G4543(SEX=moški, AGE=30 do 59 let, EDUCATION=višja ali visoka šola, PERM-RESD=-)	Artur-J-Gvecg-P580013.u2:30; Artur-J-Gvecg-P580013.u1:1		Artur-J-Gvecg-P580013	no	1:Artur-J-G4531(Artur-J-Gvecg-P580013.u1); 2-31:Artur-J-G4543(Artur-J-Gvecg-P580013.u2)	Artur-J-Gvecg-P580013.u1:Artur-J-G4531:0.000-16.839; Artur-J-Gvecg-P580013.u2:Artur-J-G4543:16.839-26.678	omit sentence-level speaker_id; use suggested_speaker_segments	dobrodošəl Hvala lepa za ta prijazən pozdrav in kompliment , ki səm ga dobil takoj na začetku , že dolgo mi ni noben reku , da səm pripadnik mlajše generacije .
Artur-J	multiple_known_speakers	Artur-J-Gvecg-P580013	Artur-J-Gvecg-P580013.resegsent10065	314616	314620	3	2	0.667	yes	Artur-J-G4531:2; Artur-J-G4543:1	Artur-J-G4543(SEX=moški, AGE=30 do 59 let, EDUCATION=višja ali visoka šola, PERM-RESD=-); Artur-J-G4531(SEX=ženski, AGE=nad 60 let, EDUCATION=višja ali visoka šola, PERM-RESD=savinjska)	Artur-J-Gvecg-P580013.u23:2; Artur-J-Gvecg-P580013.u22:1		Artur-J-Gvecg-P580013	no	1:Artur-J-G4543(Artur-J-Gvecg-P580013.u22); 2-3:Artur-J-G4531(Artur-J-Gvecg-P580013.u23)	Artur-J-Gvecg-P580013.u22:Artur-J-G4543:344.682-355.323; Artur-J-Gvecg-P580013.u23:Artur-J-G4531:355.323-356.507	omit sentence-level speaker_id; use suggested_speaker_segments	""" Zasluženo ."
Artur-J	multiple_known_speakers	Artur-J-Gvecg-P580013	Artur-J-Gvecg-P580013.resegsent10066	314621	314631	9	2	0.778	yes	Artur-J-G4531:7; Artur-J-G4543:2	Artur-J-G4543(SEX=moški, AGE=30 do 59 let, EDUCATION=višja ali visoka šola, PERM-RESD=-); Artur-J-G4531(SEX=ženski, AGE=nad 60 let, EDUCATION=višja ali visoka šola, PERM-RESD=savinjska)	Artur-J-Gvecg-P580013.u26:7; Artur-J-Gvecg-P580013.u24:2		Artur-J-Gvecg-P580013	no	1-2:Artur-J-G4543(Artur-J-Gvecg-P580013.u24); 3-9:Artur-J-G4531(Artur-J-Gvecg-P580013.u26)	Artur-J-Gvecg-P580013.u24:Artur-J-G4543:356.507-357.401; Artur-J-Gvecg-P580013.u26:Artur-J-G4531:362.715-385.706	omit sentence-level speaker_id; use suggested_speaker_segments	hvala , Jernej , ti postanəš rokovski zvezdnik .
Artur-J	multiple_known_speakers	Artur-J-Gvecg-P580013	Artur-J-Gvecg-P580013.resegsent10133	316119	316123	3	2	0.667	yes	Artur-J-G4531:2; Artur-J-G4543:1	Artur-J-G4543(SEX=moški, AGE=30 do 59 let, EDUCATION=višja ali visoka šola, PERM-RESD=-); Artur-J-G4531(SEX=ženski, AGE=nad 60 let, EDUCATION=višja ali visoka šola, PERM-RESD=savinjska)	Artur-J-Gvecg-P580013.u58:2; Artur-J-Gvecg-P580013.u57:1		Artur-J-Gvecg-P580013	no	1:Artur-J-G4543(Artur-J-Gvecg-P580013.u57); 2-3:Artur-J-G4531(Artur-J-Gvecg-P580013.u58)	Artur-J-Gvecg-P580013.u57:Artur-J-G4543:818.085-846.801; Artur-J-Gvecg-P580013.u58:Artur-J-G4531:846.801-847.182	omit sentence-level speaker_id; use suggested_speaker_segments	""" Mhm ."
Artur-J	multiple_known_speakers	Artur-J-Gvecg-P580013	Artur-J-Gvecg-P580013.resegsent10154	316658	316672	13	2	0.923	yes	Artur-J-G4531:12; Artur-J-G4543:1	Artur-J-G4543(SEX=moški, AGE=30 do 59 let, EDUCATION=višja ali visoka šola, PERM-RESD=-); Artur-J-G4531(SEX=ženski, AGE=nad 60 let, EDUCATION=višja ali visoka šola, PERM-RESD=savinjska)	Artur-J-Gvecg-P580013.u70:12; Artur-J-Gvecg-P580013.u69:1		Artur-J-Gvecg-P580013	no	1:Artur-J-G4543(Artur-J-Gvecg-P580013.u69); 2-13:Artur-J-G4531(Artur-J-Gvecg-P580013.u70)	Artur-J-Gvecg-P580013.u69:Artur-J-G4543:987.835-1015.037; Artur-J-Gvecg-P580013.u70:Artur-J-G4531:1015.037-1021.100	omit sentence-level speaker_id; use suggested_speaker_segments	""" V prvih mesecih prihodnjega leta načrtujəš izid drugega romana , Tramp ."
Artur-J	multiple_known_speakers	Artur-J-Gvecg-P580013	Artur-J-Gvecg-P580013.resegsent10183	317380	317399	18	2	0.778	yes	Artur-J-G4531:14; Artur-J-G4543:4	Artur-J-G4543(SEX=moški, AGE=30 do 59 let, EDUCATION=višja ali visoka šola, PERM-RESD=-); Artur-J-G4531(SEX=ženski, AGE=nad 60 let, EDUCATION=višja ali visoka šola, PERM-RESD=savinjska)	Artur-J-Gvecg-P580013.u89:14; Artur-J-Gvecg-P580013.u88:4		Artur-J-Gvecg-P580013	no	1-4:Artur-J-G4543(Artur-J-Gvecg-P580013.u88); 5-18:Artur-J-G4531(Artur-J-Gvecg-P580013.u89)	Artur-J-Gvecg-P580013.u88:Artur-J-G4543:1225.727-1256.906; Artur-J-Gvecg-P580013.u89:Artur-J-G4531:1256.906-1267.675	omit sentence-level speaker_id; use suggested_speaker_segments	naj vam bo srečno Hvala za tvoj obisk v studiu Štajerskega vala , hvala za to voščilo .
Artur-J	multiple_known_speakers	Artur-J-Gvecg-P580014	Artur-J-Gvecg-P580014.resegsent10225	318321	318351	29	2	0.966	yes	Artur-J-G4544:28; Artur-J-G4545:1	Artur-J-G4545(SEX=ženski, AGE=nad 60 let, EDUCATION=višja ali visoka šola, PERM-RESD=savinjska); Artur-J-G4544(SEX=ženski, AGE=nad 60 let, EDUCATION=srednja šola, PERM-RESD=-)	Artur-J-Gvecg-P580014.u18:28; Artur-J-Gvecg-P580014.u16:1		Artur-J-Gvecg-P580014	no	1:Artur-J-G4545(Artur-J-Gvecg-P580014.u16); 2-29:Artur-J-G4544(Artur-J-Gvecg-P580014.u18)	Artur-J-Gvecg-P580014.u16:Artur-J-G4545:351.577-392.292; Artur-J-Gvecg-P580014.u18:Artur-J-G4544:396.841-425.746	omit sentence-level speaker_id; use suggested_speaker_segments	""" Gospa Lidija Pratnemər , v času študija na Pravni fakulteti v Ljubljani ste stanovali , kot ste že povedali , v Zavodu za slepo in slabovidno mladino ."
Artur-J	multiple_known_speakers	Artur-J-Gvecg-P580014	Artur-J-Gvecg-P580014.resegsent10290	320027	320061	33	2	0.970	yes	Artur-J-G4544:32; Artur-J-G4545:1	Artur-J-G4545(SEX=ženski, AGE=nad 60 let, EDUCATION=višja ali visoka šola, PERM-RESD=savinjska); Artur-J-G4544(SEX=ženski, AGE=nad 60 let, EDUCATION=srednja šola, PERM-RESD=-)	Artur-J-Gvecg-P580014.u44:32; Artur-J-Gvecg-P580014.u43:1		Artur-J-Gvecg-P580014	no	1:Artur-J-G4545(Artur-J-Gvecg-P580014.u43); 2-33:Artur-J-G4544(Artur-J-Gvecg-P580014.u44)	Artur-J-Gvecg-P580014.u43:Artur-J-G4545:1081.862-1110.451; Artur-J-Gvecg-P580014.u44:Artur-J-G4544:1110.451-1124.892	omit sentence-level speaker_id; use suggested_speaker_segments	""" Tako ste nas sedaj že nekako pripeljali v vašo domačo hišo , želela səm vas vprašati , kdo vse se zbere ob domači mizi , kadar vi skuhate odlično nedeljsko kosilo ."
Artur-J	multiple_known_speakers	Artur-J-Gvecg-P580015	Artur-J-Gvecg-P580015.resegsent10392	322503	322512	8	2	0.625	yes	Artur-J-G4529:5; Artur-J-G4546:3	Artur-J-G4529(SEX=ženski, AGE=30 do 59 let, EDUCATION=višja ali visoka šola, PERM-RESD=-); Artur-J-G4546(SEX=ženski, AGE=30 do 59 let, EDUCATION=višja ali visoka šola, PERM-RESD=savinjska)	Artur-J-Gvecg-P580015.u27:5; Artur-J-Gvecg-P580015.u28:3		Artur-J-Gvecg-P580015	no	1-5:Artur-J-G4529(Artur-J-Gvecg-P580015.u27); 6-8:Artur-J-G4546(Artur-J-Gvecg-P580015.u28)	Artur-J-Gvecg-P580015.u27:Artur-J-G4529:559.984-562.416:trans=overlap; Artur-J-Gvecg-P580015.u28:Artur-J-G4546:559.984-562.416:trans=overlap	omit sentence-level speaker_id; use suggested_speaker_segments	In zelo hitro si sledijo Tako je .
Artur-J	multiple_known_speakers	Artur-J-Gvecg-P580016	Artur-J-Gvecg-P580016.resegsent10571	327010	327020	9	2	0.889	yes	Artur-J-G4547:8; Artur-J-G4544:1	Artur-J-G4544(SEX=ženski, AGE=nad 60 let, EDUCATION=srednja šola, PERM-RESD=-); Artur-J-G4547(SEX=moški, AGE=30 do 59 let, EDUCATION=fakulteta ali več, PERM-RESD=savinjska)	Artur-J-Gvecg-P580016.u31:8; Artur-J-Gvecg-P580016.u30:1		Artur-J-Gvecg-P580016	no	1:Artur-J-G4544(Artur-J-Gvecg-P580016.u30); 2-9:Artur-J-G4547(Artur-J-Gvecg-P580016.u31)	Artur-J-Gvecg-P580016.u30:Artur-J-G4544:927.489-943.502; Artur-J-Gvecg-P580016.u31:Artur-J-G4547:943.502-1125.603	omit sentence-level speaker_id; use suggested_speaker_segments	""" Tega časa je seveda zdaj veliko manj ."
Artur-J	multiple_known_speakers	Artur-J-Gvecg-P580019	Artur-J-Gvecg-P580019.resegsent10776	334181	334225	43	2	0.977	yes	Artur-J-G4531:42; Artur-J-G4550:1	Artur-J-G4550(SEX=ženski, AGE=nad 60 let, EDUCATION=-, PERM-RESD=gorenjska); Artur-J-G4531(SEX=ženski, AGE=nad 60 let, EDUCATION=višja ali visoka šola, PERM-RESD=savinjska)	Artur-J-Gvecg-P580019.u11:42; Artur-J-Gvecg-P580019.u10:1		Artur-J-Gvecg-P580019	no	1:Artur-J-G4550(Artur-J-Gvecg-P580019.u10); 2-43:Artur-J-G4531(Artur-J-Gvecg-P580019.u11)	Artur-J-Gvecg-P580019.u10:Artur-J-G4550:196.388-214.222; Artur-J-Gvecg-P580019.u11:Artur-J-G4531:214.222-230.432	omit sentence-level speaker_id; use suggested_speaker_segments	""" Milena Miklavčič je slišane zgodbe najprej popisovala v Žirovskəm občasniku , leta dva tisoč enajst v knjigi Ženske , zadnja leta pa so na vrhu seznamov najbolj branih knjig v Sloveniji njene knjige Ogenj , rit in kače niso za igrače ."
Artur-J	multiple_known_speakers	Artur-J-Gvecg-P580019	Artur-J-Gvecg-P580019.resegsent10828	335533	335553	19	2	0.947	yes	Artur-J-G4550:18; Artur-J-G4531:1	Artur-J-G4531(SEX=ženski, AGE=nad 60 let, EDUCATION=višja ali visoka šola, PERM-RESD=savinjska); Artur-J-G4550(SEX=ženski, AGE=nad 60 let, EDUCATION=-, PERM-RESD=gorenjska)	Artur-J-Gvecg-P580019.u30:18; Artur-J-Gvecg-P580019.u29:1		Artur-J-Gvecg-P580019	no	1:Artur-J-G4531(Artur-J-Gvecg-P580019.u29); 2-19:Artur-J-G4550(Artur-J-Gvecg-P580019.u30)	Artur-J-Gvecg-P580019.u29:Artur-J-G4531:672.324-688.070; Artur-J-Gvecg-P580019.u30:Artur-J-G4550:688.070-736.859	omit sentence-level speaker_id; use suggested_speaker_segments	""" Jəst imam eno zlo dobro pərjatlco , Ljerko , stara je šestindevetdəsət let , čila , zdrava ."
Artur-J	multiple_known_speakers	Artur-J-Gvecg-P580019	Artur-J-Gvecg-P580019.resegsent10869	336368	336382	13	2	0.923	yes	Artur-J-G4550:12; Artur-J-G4531:1	Artur-J-G4531(SEX=ženski, AGE=nad 60 let, EDUCATION=višja ali visoka šola, PERM-RESD=savinjska); Artur-J-G4550(SEX=ženski, AGE=nad 60 let, EDUCATION=-, PERM-RESD=gorenjska)	Artur-J-Gvecg-P580019.u41:12; Artur-J-Gvecg-P580019.u40:1		Artur-J-Gvecg-P580019	no	1:Artur-J-G4531(Artur-J-Gvecg-P580019.u40); 2-13:Artur-J-G4550(Artur-J-Gvecg-P580019.u41)	Artur-J-Gvecg-P580019.u40:Artur-J-G4531:948.973-961.514; Artur-J-Gvecg-P580019.u41:Artur-J-G4550:961.514-1019.494	omit sentence-level speaker_id; use suggested_speaker_segments	""" Ja , pri nəs so velikokrat letele gnojne vile po zraku ."
Artur-J	multiple_known_speakers	Artur-J-Gvecg-P580022	Artur-J-Gvecg-P580022.resegsent11177	344567	344591	23	2	0.783	yes	Artur-J-G4553:18; Artur-J-G4529:5	Artur-J-G4553(SEX=moški, AGE=nad 60 let, EDUCATION=srednja šola, PERM-RESD=savinjska); Artur-J-G4529(SEX=ženski, AGE=30 do 59 let, EDUCATION=višja ali visoka šola, PERM-RESD=-)	Artur-J-Gvecg-P580022.u9:11; Artur-J-Gvecg-P580022.u7:7; Artur-J-Gvecg-P580022.u8:5		Artur-J-Gvecg-P580022	no	1-7:Artur-J-G4553(Artur-J-Gvecg-P580022.u7); 8-12:Artur-J-G4529(Artur-J-Gvecg-P580022.u8); 13-23:Artur-J-G4553(Artur-J-Gvecg-P580022.u9)	Artur-J-Gvecg-P580022.u7:Artur-J-G4553:106.740-110.116:trans=smooth; Artur-J-Gvecg-P580022.u8:Artur-J-G4529:106.740-110.116:trans=overlap; Artur-J-Gvecg-P580022.u9:Artur-J-G4553:110.116-150.283	omit sentence-level speaker_id; use suggested_speaker_segments	oboje , oboje imamo , no , Oboje , a ne , nič pa ni narobe , če je tu vesoljski centər .
Artur-J	multiple_known_speakers	Artur-J-Gvecg-P580022	Artur-J-Gvecg-P580022.resegsent11300	347381	347385	3	2	0.667	yes	Artur-J-G4529:2; Artur-J-G4553:1	Artur-J-G4553(SEX=moški, AGE=nad 60 let, EDUCATION=srednja šola, PERM-RESD=savinjska); Artur-J-G4529(SEX=ženski, AGE=30 do 59 let, EDUCATION=višja ali visoka šola, PERM-RESD=-)	Artur-J-Gvecg-P580022.u58:2; Artur-J-Gvecg-P580022.u57:1		Artur-J-Gvecg-P580022	no	1:Artur-J-G4553(Artur-J-Gvecg-P580022.u57); 2-3:Artur-J-G4529(Artur-J-Gvecg-P580022.u58)	Artur-J-Gvecg-P580022.u57:Artur-J-G4553:1053.515-1069.830; Artur-J-Gvecg-P580022.u58:Artur-J-G4529:1069.830-1070.681	omit sentence-level speaker_id; use suggested_speaker_segments	""" Dedək ."
Artur-J	multiple_known_speakers	Artur-J-Gvecg-P580023	Artur-J-Gvecg-P580023.resegsent11379	348971	348985	13	2	0.846	yes	Artur-J-G4544:11; Artur-J-G4554:2	Artur-J-G4544(SEX=ženski, AGE=nad 60 let, EDUCATION=srednja šola, PERM-RESD=-); Artur-J-G4554(SEX=ženski, AGE=30 do 59 let, EDUCATION=višja ali visoka šola, PERM-RESD=posavska)	Artur-J-Gvecg-P580023.u22:11; Artur-J-Gvecg-P580023.u23:2		Artur-J-Gvecg-P580023	no	1-11:Artur-J-G4544(Artur-J-Gvecg-P580023.u22); 12-13:Artur-J-G4554(Artur-J-Gvecg-P580023.u23)	Artur-J-Gvecg-P580023.u22:Artur-J-G4544:348.451-353.259; Artur-J-Gvecg-P580023.u23:Artur-J-G4554:353.259-354.987:trans=smooth	omit sentence-level speaker_id; use suggested_speaker_segments	veliko tudi gostujete in pa eee nagrade , jih je tudi Ja .
Artur-J	multiple_known_speakers	Artur-J-Gvecg-P580024	Artur-J-Gvecg-P580024.resegsent11704	356380	356389	8	2	0.875	yes	Artur-J-G4555:7; Artur-J-G4531:1	Artur-J-G4531(SEX=ženski, AGE=nad 60 let, EDUCATION=višja ali visoka šola, PERM-RESD=savinjska); Artur-J-G4555(SEX=moški, AGE=30 do 59 let, EDUCATION=višja ali visoka šola, PERM-RESD=-)	Artur-J-Gvecg-P580024.u101:7; Artur-J-Gvecg-P580024.u100:1		Artur-J-Gvecg-P580024	no	1:Artur-J-G4531(Artur-J-Gvecg-P580024.u100); 2-8:Artur-J-G4555(Artur-J-Gvecg-P580024.u101)	Artur-J-Gvecg-P580024.u100:Artur-J-G4531:1338.096-1346.183; Artur-J-Gvecg-P580024.u101:Artur-J-G4555:1346.183-1364.341	omit sentence-level speaker_id; use suggested_speaker_segments	""" Ja , jəs upam , ja ."
Artur-J	multiple_known_speakers	Artur-J-Gvecg-P580026	Artur-J-Gvecg-P580026.resegsent11852	360208	360267	58	2	0.983	yes	Artur-J-G4557:57; Artur-J-G4531:1	Artur-J-G4531(SEX=ženski, AGE=nad 60 let, EDUCATION=višja ali visoka šola, PERM-RESD=savinjska); Artur-J-G4557(SEX=ženski, AGE=30 do 59 let, EDUCATION=višja ali visoka šola, PERM-RESD=-)	Artur-J-Gvecg-P580026.u6:57; Artur-J-Gvecg-P580026.u5:1		Artur-J-Gvecg-P580026	no	1:Artur-J-G4531(Artur-J-Gvecg-P580026.u5); 2-58:Artur-J-G4557(Artur-J-Gvecg-P580026.u6)	Artur-J-Gvecg-P580026.u5:Artur-J-G4531:72.263-87.133; Artur-J-Gvecg-P580026.u6:Artur-J-G4557:87.133-114.533	omit sentence-level speaker_id; use suggested_speaker_segments	""" Ja , to je en tak album prečudovitih ljubezenskih pesmi , to je ena sama ljubezən in verjetno kakšnih deset let nazaj tega ne bi mogla izvajat , ker nisəm bla dovolj zrela , da bi ta besedila təko globoko zares pəršla do mene , tuki gre za Arsena Dediča , Džina pa Olija , Brasensa ."
Artur-J	multiple_known_speakers	Artur-J-Gvecg-P580026	Artur-J-Gvecg-P580026.resegsent12074	365353	365366	12	2	0.917	yes	Artur-J-G4557:11; Artur-J-G4531:1	Artur-J-G4531(SEX=ženski, AGE=nad 60 let, EDUCATION=višja ali visoka šola, PERM-RESD=savinjska); Artur-J-G4557(SEX=ženski, AGE=30 do 59 let, EDUCATION=višja ali visoka šola, PERM-RESD=-)	Artur-J-Gvecg-P580026.u96:11; Artur-J-Gvecg-P580026.u95:1		Artur-J-Gvecg-P580026	no	1:Artur-J-G4531(Artur-J-Gvecg-P580026.u95); 2-12:Artur-J-G4557(Artur-J-Gvecg-P580026.u96)	Artur-J-Gvecg-P580026.u95:Artur-J-G4531:1409.394-1418.673; Artur-J-Gvecg-P580026.u96:Artur-J-G4557:1418.673-1458.470	omit sentence-level speaker_id; use suggested_speaker_segments	""" Kot sva se še dons pogovarjale , jəs səm prekarc ."
Artur-J	multiple_known_speakers	Artur-J-Gvecg-P580026	Artur-J-Gvecg-P580026.resegsent12084	365593	365597	3	2	0.667	yes	Artur-J-G4557:2; Artur-J-G4531:1	Artur-J-G4531(SEX=ženski, AGE=nad 60 let, EDUCATION=višja ali visoka šola, PERM-RESD=savinjska); Artur-J-G4557(SEX=ženski, AGE=30 do 59 let, EDUCATION=višja ali visoka šola, PERM-RESD=-)	Artur-J-Gvecg-P580026.u100:2; Artur-J-Gvecg-P580026.u99:1		Artur-J-Gvecg-P580026	no	1:Artur-J-G4531(Artur-J-Gvecg-P580026.u99); 2-3:Artur-J-G4557(Artur-J-Gvecg-P580026.u100)	Artur-J-Gvecg-P580026.u99:Artur-J-G4531:1477.914-1479.178; Artur-J-Gvecg-P580026.u100:Artur-J-G4557:1479.178-1479.922	omit sentence-level speaker_id; use suggested_speaker_segments	srečno Hvala .
Artur-J	multiple_known_speakers	Artur-J-Gvecg-P580027	Artur-J-Gvecg-P580027.resegsent12128	366390	366399	8	2	0.625	yes	Artur-J-G4531:5; Artur-J-G4558:3	Artur-J-G4531(SEX=ženski, AGE=nad 60 let, EDUCATION=višja ali visoka šola, PERM-RESD=savinjska); Artur-J-G4558(SEX=moški, AGE=nad 60 let, EDUCATION=višja ali visoka šola, PERM-RESD=-)	Artur-J-Gvecg-P580027.u25:5; Artur-J-Gvecg-P580027.u26:3		Artur-J-Gvecg-P580027	no	1-5:Artur-J-G4531(Artur-J-Gvecg-P580027.u25); 6-8:Artur-J-G4558(Artur-J-Gvecg-P580027.u26)	Artur-J-Gvecg-P580027.u25:Artur-J-G4531:216.159-218.138:trans=smooth; Artur-J-Gvecg-P580027.u26:Artur-J-G4558:216.159-218.138:trans=overlap	omit sentence-level speaker_id; use suggested_speaker_segments	mhm , o tem bova Beltinška banda .
Artur-J	multiple_known_speakers	Artur-J-Gvecg-P580027	Artur-J-Gvecg-P580027.resegsent12129	366400	366404	3	2	0.667	yes	Artur-J-G4558:2; Artur-J-G4531:1	Artur-J-G4531(SEX=ženski, AGE=nad 60 let, EDUCATION=višja ali visoka šola, PERM-RESD=savinjska); Artur-J-G4558(SEX=moški, AGE=nad 60 let, EDUCATION=višja ali visoka šola, PERM-RESD=-)	Artur-J-Gvecg-P580027.u28:2; Artur-J-Gvecg-P580027.u27:1		Artur-J-Gvecg-P580027	no	1:Artur-J-G4531(Artur-J-Gvecg-P580027.u27); 2-3:Artur-J-G4558(Artur-J-Gvecg-P580027.u28)	Artur-J-Gvecg-P580027.u27:Artur-J-G4531:216.159-218.138:trans=overlap; Artur-J-Gvecg-P580027.u28:Artur-J-G4558:216.159-218.138:trans=overlap	omit sentence-level speaker_id; use suggested_speaker_segments	potem Ja .
Artur-J	multiple_known_speakers	Artur-J-Gvecg-P580027	Artur-J-Gvecg-P580027.resegsent12141	366646	366666	19	2	0.947	yes	Artur-J-G4531:18; Artur-J-G4558:1	Artur-J-G4558(SEX=moški, AGE=nad 60 let, EDUCATION=višja ali visoka šola, PERM-RESD=-); Artur-J-G4531(SEX=ženski, AGE=nad 60 let, EDUCATION=višja ali visoka šola, PERM-RESD=savinjska)	Artur-J-Gvecg-P580027.u35:18; Artur-J-Gvecg-P580027.u34:1		Artur-J-Gvecg-P580027	no	1:Artur-J-G4558(Artur-J-Gvecg-P580027.u34); 2-19:Artur-J-G4531(Artur-J-Gvecg-P580027.u35)	Artur-J-Gvecg-P580027.u34:Artur-J-G4558:239.550-265.887; Artur-J-Gvecg-P580027.u35:Artur-J-G4531:265.887-270.208	omit sentence-level speaker_id; use suggested_speaker_segments	""" Starši bi ti sicər , eee , kupili harmoniko , ne , to te pa ni zanimalo ?"
Artur-J	multiple_known_speakers	Artur-J-Gvecg-P580027	Artur-J-Gvecg-P580027.resegsent12153	366882	366890	7	2	0.714	yes	Artur-J-G4531:5; Artur-J-G4558:2	Artur-J-G4531(SEX=ženski, AGE=nad 60 let, EDUCATION=višja ali visoka šola, PERM-RESD=savinjska); Artur-J-G4558(SEX=moški, AGE=nad 60 let, EDUCATION=višja ali visoka šola, PERM-RESD=-)	Artur-J-Gvecg-P580027.u41:5; Artur-J-Gvecg-P580027.u42:2		Artur-J-Gvecg-P580027	no	1-5:Artur-J-G4531(Artur-J-Gvecg-P580027.u41); 6-7:Artur-J-G4558(Artur-J-Gvecg-P580027.u42)	Artur-J-Gvecg-P580027.u41:Artur-J-G4531:319.633-321.794:trans=smooth; Artur-J-Gvecg-P580027.u42:Artur-J-G4558:319.633-321.794:trans=overlap	omit sentence-level speaker_id; use suggested_speaker_segments	po gimnaziji v Murski Soboti Ja .
Artur-J	multiple_known_speakers	Artur-J-Gvecg-P580027	Artur-J-Gvecg-P580027.resegsent12209	367919	367959	39	2	0.923	yes	Artur-J-G4558:36; Artur-J-G4531:3	Artur-J-G4558(SEX=moški, AGE=nad 60 let, EDUCATION=višja ali visoka šola, PERM-RESD=-); Artur-J-G4531(SEX=ženski, AGE=nad 60 let, EDUCATION=višja ali visoka šola, PERM-RESD=savinjska)	Artur-J-Gvecg-P580027.u75:36; Artur-J-Gvecg-P580027.u76:3		Artur-J-Gvecg-P580027	no	1-36:Artur-J-G4558(Artur-J-Gvecg-P580027.u75); 37-39:Artur-J-G4531(Artur-J-Gvecg-P580027.u76)	Artur-J-Gvecg-P580027.u75:Artur-J-G4558:544.199-579.363; Artur-J-Gvecg-P580027.u76:Artur-J-G4531:579.363-580.446:trans=smooth	omit sentence-level speaker_id; use suggested_speaker_segments	in pol je nanesla usoda , da səm pol , petnajst let pozneje sva se združla , duet sva nastopala , napisala sva Črno kitaro , in potem səm jəs jo povabil Martina Krpana in do Lanske jeseni .
Artur-J	multiple_known_speakers	Artur-J-Gvecg-P580027	Artur-J-Gvecg-P580027.resegsent12268	369352	369380	27	2	0.963	yes	Artur-J-G4558:26; Artur-J-G4531:1	Artur-J-G4531(SEX=ženski, AGE=nad 60 let, EDUCATION=višja ali visoka šola, PERM-RESD=savinjska); Artur-J-G4558(SEX=moški, AGE=nad 60 let, EDUCATION=višja ali visoka šola, PERM-RESD=-)	Artur-J-Gvecg-P580027.u106:26; Artur-J-Gvecg-P580027.u105:1		Artur-J-Gvecg-P580027	no	1:Artur-J-G4531(Artur-J-Gvecg-P580027.u105); 2-27:Artur-J-G4558(Artur-J-Gvecg-P580027.u106)	Artur-J-Gvecg-P580027.u105:Artur-J-G4531:906.806-916.358; Artur-J-Gvecg-P580027.u106:Artur-J-G4558:916.358-948.255	omit sentence-level speaker_id; use suggested_speaker_segments	""" Ja , to je pa , ko je Janša bil v zaporu , s… mladina je mela eno ekipo , Fotogrupa Em , fuzbalski tim ."
Artur-J	multiple_known_speakers	Artur-J-Gvecg-P580027	Artur-J-Gvecg-P580027.resegsent12297	369981	370004	22	2	0.955	yes	Artur-J-G4531:21; Artur-J-G4558:1	Artur-J-G4558(SEX=moški, AGE=nad 60 let, EDUCATION=višja ali visoka šola, PERM-RESD=-); Artur-J-G4531(SEX=ženski, AGE=nad 60 let, EDUCATION=višja ali visoka šola, PERM-RESD=savinjska)	Artur-J-Gvecg-P580027.u113:21; Artur-J-Gvecg-P580027.u112:1		Artur-J-Gvecg-P580027	no	1:Artur-J-G4558(Artur-J-Gvecg-P580027.u112); 2-22:Artur-J-G4531(Artur-J-Gvecg-P580027.u113)	Artur-J-Gvecg-P580027.u112:Artur-J-G4558:1041.699-1052.010; Artur-J-Gvecg-P580027.u113:Artur-J-G4531:1052.010-1064.099	omit sentence-level speaker_id; use suggested_speaker_segments	""" Ja , ni bila šala , leta devetnajsto enaindevetdəsət si se pričel glasbeno družiti s starejšimi godci iz rojstnih Beltincev ."
Artur-J	multiple_known_speakers	Artur-J-Gvecg-P580027	Artur-J-Gvecg-P580027.resegsent12336	370850	370857	6	2	0.833	yes	Artur-J-G4531:5; Artur-J-G4558:1	Artur-J-G4558(SEX=moški, AGE=nad 60 let, EDUCATION=višja ali visoka šola, PERM-RESD=-); Artur-J-G4531(SEX=ženski, AGE=nad 60 let, EDUCATION=višja ali visoka šola, PERM-RESD=savinjska)	Artur-J-Gvecg-P580027.u134:5; Artur-J-Gvecg-P580027.u132:1		Artur-J-Gvecg-P580027	no	1:Artur-J-G4558(Artur-J-Gvecg-P580027.u132); 2-6:Artur-J-G4531(Artur-J-Gvecg-P580027.u134)	Artur-J-Gvecg-P580027.u132:Artur-J-G4558:1218.134-1267.899; Artur-J-Gvecg-P580027.u134:Artur-J-G4531:1267.899-1269.349:trans=overlap	omit sentence-level speaker_id; use suggested_speaker_segments	""" In to iz Amerike ."
Artur-J	multiple_known_speakers	Artur-J-Gvecg-P580027	Artur-J-Gvecg-P580027.resegsent12344	371022	371032	9	2	0.778	yes	Artur-J-G4558:7; Artur-J-G4531:2	Artur-J-G4531(SEX=ženski, AGE=nad 60 let, EDUCATION=višja ali visoka šola, PERM-RESD=savinjska); Artur-J-G4558(SEX=moški, AGE=nad 60 let, EDUCATION=višja ali visoka šola, PERM-RESD=-)	Artur-J-Gvecg-P580027.u137:7; Artur-J-Gvecg-P580027.u136:2		Artur-J-Gvecg-P580027	no	1-2:Artur-J-G4531(Artur-J-Gvecg-P580027.u136); 3-9:Artur-J-G4558(Artur-J-Gvecg-P580027.u137)	Artur-J-Gvecg-P580027.u136:Artur-J-G4531:1300.217-1302.987:trans=smooth; Artur-J-Gvecg-P580027.u137:Artur-J-G4558:1300.217-1302.987:trans=overlap	omit sentence-level speaker_id; use suggested_speaker_segments	zgodba na In je napisala zlo zanimivo knjigo .
Artur-J	multiple_known_speakers	Artur-J-Gvecg-P580027	Artur-J-Gvecg-P580027.resegsent12385	371676	371683	6	2	0.833	yes	Artur-J-G4531:5; Artur-J-G4558:1	Artur-J-G4558(SEX=moški, AGE=nad 60 let, EDUCATION=višja ali visoka šola, PERM-RESD=-); Artur-J-G4531(SEX=ženski, AGE=nad 60 let, EDUCATION=višja ali visoka šola, PERM-RESD=savinjska)	Artur-J-Gvecg-P580027.u160:5; Artur-J-Gvecg-P580027.u159:1		Artur-J-Gvecg-P580027	no	1:Artur-J-G4558(Artur-J-Gvecg-P580027.u159); 2-6:Artur-J-G4531(Artur-J-Gvecg-P580027.u160)	Artur-J-Gvecg-P580027.u159:Artur-J-G4558:1434.225-1464.523; Artur-J-Gvecg-P580027.u160:Artur-J-G4531:1464.523-1465.550	omit sentence-level speaker_id; use suggested_speaker_segments	""" Koliko so zdaj stari ?"
Artur-J	multiple_known_speakers	Artur-J-Gvecg-P580029	Artur-J-Gvecg-P580029.resegsent13579	417973	418031	57	2	0.965	yes	Artur-J-G4569:55; Artur-J-G4575:2	Artur-J-G4575(SEX=ženski, AGE=30 do 59 let, EDUCATION=fakulteta ali več, PERM-RESD=-); Artur-J-G4569(SEX=ženski, AGE=30 do 59 let, EDUCATION=fakulteta ali več, PERM-RESD=savinjska)	Artur-J-Gvecg-P580029.u83:55; Artur-J-Gvecg-P580029.u81:2		Artur-J-Gvecg-P580029	no	1-2:Artur-J-G4575(Artur-J-Gvecg-P580029.u81); 3-57:Artur-J-G4569(Artur-J-Gvecg-P580029.u83)	Artur-J-Gvecg-P580029.u81:Artur-J-G4575:3487.965-3802.257; Artur-J-Gvecg-P580029.u83:Artur-J-G4569:3803.830-4136.999	omit sentence-level speaker_id; use suggested_speaker_segments	eem , potem podobno , podobən princip je , e , tudi pri nalogah , ki se nanašajo na jezikovno zvrst in pa na javnost besedila , ko se uporabnik po tem , nekako standardnəm , eee , zaporedju prebije do sporočevalnega namena , pa se naloge znova oblikujejo s pomočjo zapisane trditve in napačnih alternativ .
Artur-J	multiple_known_speakers	Artur-J-Gvecg-P580031	Artur-J-Gvecg-P580031.resegsent14713	454953	454993	39	2	0.974	yes	Artur-J-G4531:38; Artur-J-G4511:1	Artur-J-G4511(SEX=moški, AGE=nad 60 let, EDUCATION=višja ali visoka šola, PERM-RESD=gorenjska); Artur-J-G4531(SEX=ženski, AGE=nad 60 let, EDUCATION=višja ali visoka šola, PERM-RESD=savinjska)	Artur-J-Gvecg-P580031.u59:38; Artur-J-Gvecg-P580031.u58:1		Artur-J-Gvecg-P580031	no	1:Artur-J-G4511(Artur-J-Gvecg-P580031.u58); 2-39:Artur-J-G4531(Artur-J-Gvecg-P580031.u59)	Artur-J-Gvecg-P580031.u58:Artur-J-G4511:1119.693-1176.928; Artur-J-Gvecg-P580031.u59:Artur-J-G4531:1176.928-1189.107	omit sentence-level speaker_id; use suggested_speaker_segments	""" Mladim parom še danəs rad poveš , da se mladost ne konča , ko doštudiraš in greš v službo ali ko se odseliš od staršəv , mladost se konča s trenutkom , ko se ti rodi otrok ."
Artur-J	multiple_known_speakers	Artur-J-Gvecg-P580037	Artur-J-Gvecg-P580037.resegsent15649	476914	476925	10	2	0.800	yes	Artur-J-G4529:8; Artur-J-G4517:2	Artur-J-G4517(SEX=moški, AGE=30 do 59 let, EDUCATION=-, PERM-RESD=podravska); Artur-J-G4529(SEX=ženski, AGE=30 do 59 let, EDUCATION=višja ali visoka šola, PERM-RESD=-)	Artur-J-Gvecg-P580037.u28:8; Artur-J-Gvecg-P580037.u27:2		Artur-J-Gvecg-P580037	no	1-2:Artur-J-G4517(Artur-J-Gvecg-P580037.u27); 3-10:Artur-J-G4529(Artur-J-Gvecg-P580037.u28)	Artur-J-Gvecg-P580037.u27:Artur-J-G4517:660.661-663.622:trans=smooth; Artur-J-Gvecg-P580037.u28:Artur-J-G4529:660.661-663.622:trans=overlap	omit sentence-level speaker_id; use suggested_speaker_segments	sokovi , Mhm , tako pa takoj spremeni stvari .
Artur-J	multiple_known_speakers	Artur-J-Gvecg-P580038	Artur-J-Gvecg-P580038.resegsent15765	479299	479316	16	2	0.875	yes	Artur-J-G4518:14; Artur-J-G4544:2	Artur-J-G4518(SEX=moški, AGE=nad 60 let, EDUCATION=višja ali visoka šola, PERM-RESD=-); Artur-J-G4544(SEX=ženski, AGE=nad 60 let, EDUCATION=srednja šola, PERM-RESD=-)	Artur-J-Gvecg-P580038.u9:12; Artur-J-Gvecg-P580038.u7:2; Artur-J-Gvecg-P580038.u8:2		Artur-J-Gvecg-P580038	no	1-2:Artur-J-G4518(Artur-J-Gvecg-P580038.u7); 3-4:Artur-J-G4544(Artur-J-Gvecg-P580038.u8); 5-16:Artur-J-G4518(Artur-J-Gvecg-P580038.u9)	Artur-J-Gvecg-P580038.u7:Artur-J-G4518:74.998-76.280:trans=smooth; Artur-J-Gvecg-P580038.u8:Artur-J-G4544:74.998-76.280:trans=overlap; Artur-J-Gvecg-P580038.u9:Artur-J-G4518:76.280-84.982	omit sentence-level speaker_id; use suggested_speaker_segments	in zəto Aha , vərjetno ni tega naglasa več in bəl je zej že štajərski .
Artur-J	multiple_known_speakers	Artur-J-Gvecg-P580038	Artur-J-Gvecg-P580038.resegsent15929	482084	482094	9	2	0.889	yes	Artur-J-G4544:8; Artur-J-G4518:1	Artur-J-G4518(SEX=moški, AGE=nad 60 let, EDUCATION=višja ali visoka šola, PERM-RESD=-); Artur-J-G4544(SEX=ženski, AGE=nad 60 let, EDUCATION=srednja šola, PERM-RESD=-)	Artur-J-Gvecg-P580038.u71:8; Artur-J-Gvecg-P580038.u70:1		Artur-J-Gvecg-P580038	no	1:Artur-J-G4518(Artur-J-Gvecg-P580038.u70); 2-9:Artur-J-G4544(Artur-J-Gvecg-P580038.u71)	Artur-J-Gvecg-P580038.u70:Artur-J-G4518:1065.074-1075.585; Artur-J-Gvecg-P580038.u71:Artur-J-G4544:1075.585-1084.475	omit sentence-level speaker_id; use suggested_speaker_segments	""" Kaj vse se dogaja na vašəm posestvu ?"
Artur-J	multiple_known_speakers	Artur-J-Gvecg-P580039	Artur-J-Gvecg-P580039.resegsent16040	484469	484480	10	2	0.500	no	Artur-J-G4539:5; Artur-J-G4519:5	Artur-J-G4539(SEX=ženski, AGE=30 do 59 let, EDUCATION=višja ali visoka šola, PERM-RESD=savinjska); Artur-J-G4519(SEX=moški, AGE=30 do 59 let, EDUCATION=višja ali visoka šola, PERM-RESD=-)	Artur-J-Gvecg-P580039.u21:5; Artur-J-Gvecg-P580039.u20:3; Artur-J-Gvecg-P580039.u22:2		Artur-J-Gvecg-P580039	no	1-3:Artur-J-G4539(Artur-J-Gvecg-P580039.u20); 4-8:Artur-J-G4519(Artur-J-Gvecg-P580039.u21); 9-10:Artur-J-G4539(Artur-J-Gvecg-P580039.u22)	Artur-J-Gvecg-P580039.u20:Artur-J-G4539:686.487-694.856; Artur-J-Gvecg-P580039.u21:Artur-J-G4519:694.856-696.119:trans=smooth; Artur-J-Gvecg-P580039.u22:Artur-J-G4539:694.856-696.119:trans=overlap	omit sentence-level speaker_id; use suggested_speaker_segments	da je neki E , və tem ča… uspešnəga ?
Artur-J	multiple_known_speakers	Artur-J-Gvecg-P580040	Artur-J-Gvecg-P580040.resegsent16241	489090	489113	22	2	0.864	yes	Artur-J-G4539:19; Artur-J-G4520:3	Artur-J-G4539(SEX=ženski, AGE=30 do 59 let, EDUCATION=višja ali visoka šola, PERM-RESD=savinjska); Artur-J-G4520(SEX=ženski, AGE=30 do 59 let, EDUCATION=-, PERM-RESD=savinjska)	Artur-J-Gvecg-P580040.u47:17; Artur-J-Gvecg-P580040.u48:3; Artur-J-Gvecg-P580040.u49:2		Artur-J-Gvecg-P580040	no	1-17:Artur-J-G4539(Artur-J-Gvecg-P580040.u47); 18-20:Artur-J-G4520(Artur-J-Gvecg-P580040.u48); 21-22:Artur-J-G4539(Artur-J-Gvecg-P580040.u49)	Artur-J-Gvecg-P580040.u47:Artur-J-G4539:949.570-960.540; Artur-J-Gvecg-P580040.u48:Artur-J-G4520:960.540-961.811:trans=smooth; Artur-J-Gvecg-P580040.u49:Artur-J-G4539:960.540-961.811:trans=overlap	omit sentence-level speaker_id; use suggested_speaker_segments	so bli radovedni , ker , eee , si tud želijo sami stopit na te poti oziroma Eee , ekološki obiskovalce ?
Artur-J	multiple_known_speakers	Artur-J-Gvecg-P580040	Artur-J-Gvecg-P580040.resegsent16251	489359	489390	30	2	0.600	yes	Artur-J-G4520:18; Artur-J-G4539:12	Artur-J-G4539(SEX=ženski, AGE=30 do 59 let, EDUCATION=višja ali visoka šola, PERM-RESD=savinjska); Artur-J-G4520(SEX=ženski, AGE=30 do 59 let, EDUCATION=-, PERM-RESD=savinjska)	Artur-J-Gvecg-P580040.u56:12; Artur-J-Gvecg-P580040.u53:11; Artur-J-Gvecg-P580040.u54:6; Artur-J-Gvecg-P580040.u55:1		Artur-J-Gvecg-P580040	no	1-11:Artur-J-G4539(Artur-J-Gvecg-P580040.u53); 12-17:Artur-J-G4520(Artur-J-Gvecg-P580040.u54); 18:Artur-J-G4539(Artur-J-Gvecg-P580040.u55); 19-30:Artur-J-G4520(Artur-J-Gvecg-P580040.u56)	Artur-J-Gvecg-P580040.u53:Artur-J-G4539:1040.551-1046.679; Artur-J-Gvecg-P580040.u54:Artur-J-G4520:1046.679-1048.738:trans=smooth; Artur-J-Gvecg-P580040.u55:Artur-J-G4539:1046.679-1048.738:trans=overlap; Artur-J-Gvecg-P580040.u56:Artur-J-G4520:1048.738-1081.779	omit sentence-level speaker_id; use suggested_speaker_segments	je tukej premik , je karkoli že urejenega več na tem Vete , pred leti je blo podro… tako , da so kmečke nad triinšestdesət let dobile minimalno pokojnino .
Artur-J	multiple_known_speakers	Artur-J-Gvecg-P580040	Artur-J-Gvecg-P580040.resegsent16296	490346	490370	23	2	0.957	yes	Artur-J-G4520:22; Artur-J-G4539:1	Artur-J-G4539(SEX=ženski, AGE=30 do 59 let, EDUCATION=višja ali visoka šola, PERM-RESD=savinjska); Artur-J-G4520(SEX=ženski, AGE=30 do 59 let, EDUCATION=-, PERM-RESD=savinjska)	Artur-J-Gvecg-P580040.u67:22; Artur-J-Gvecg-P580040.u66:1		Artur-J-Gvecg-P580040	no	1:Artur-J-G4539(Artur-J-Gvecg-P580040.u66); 2-23:Artur-J-G4520(Artur-J-Gvecg-P580040.u67)	Artur-J-Gvecg-P580040.u66:Artur-J-G4539:1347.840-1362.266; Artur-J-Gvecg-P580040.u67:Artur-J-G4520:1362.266-1406.488	omit sentence-level speaker_id; use suggested_speaker_segments	""" Ləjte , so ludje , ko bi bli pərpravleni pomagat , tud , eee , zə Zavoda za zaposlovanje , ne ."
Artur-J	multiple_known_speakers	Artur-J-Gvecg-P580040	Artur-J-Gvecg-P580040.resegsent16313	490664	490716	51	2	0.843	yes	Artur-J-G4520:43; Artur-J-G4539:8	Artur-J-G4520(SEX=ženski, AGE=30 do 59 let, EDUCATION=-, PERM-RESD=savinjska); Artur-J-G4539(SEX=ženski, AGE=30 do 59 let, EDUCATION=višja ali visoka šola, PERM-RESD=savinjska)	Artur-J-Gvecg-P580040.u73:41; Artur-J-Gvecg-P580040.u74:8; Artur-J-Gvecg-P580040.u75:2		Artur-J-Gvecg-P580040	no	1-41:Artur-J-G4520(Artur-J-Gvecg-P580040.u73); 42-49:Artur-J-G4539(Artur-J-Gvecg-P580040.u74); 50-51:Artur-J-G4520(Artur-J-Gvecg-P580040.u75)	Artur-J-Gvecg-P580040.u73:Artur-J-G4520:1451.176-1483.002; Artur-J-Gvecg-P580040.u74:Artur-J-G4539:1483.002-1486.215:trans=smooth; Artur-J-Gvecg-P580040.u75:Artur-J-G4520:1483.002-1486.215:trans=overlap	omit sentence-level speaker_id; use suggested_speaker_segments	to mi je prvo , drugače pa , səj vete , na kmetiji vedən je treba obnavlat stvari , od strojev do poslopij , tək da najbrž kako gospodarsko poslopje , da bomo obnavlali pa s tem povezano , pa tudi In otroci kažejo kakšne znake , da bi zelenjadarstvo .
Artur-J	multiple_known_speakers	Artur-J-Gvecg-P580041	Artur-J-Gvecg-P580041.resegsent16362	491577	491611	33	2	0.970	yes	Artur-J-G4521:32; Artur-J-G4531:1	Artur-J-G4531(SEX=ženski, AGE=nad 60 let, EDUCATION=višja ali visoka šola, PERM-RESD=savinjska); Artur-J-G4521(SEX=moški, AGE=30 do 59 let, EDUCATION=fakulteta ali več, PERM-RESD=osrednjeslovenska)	Artur-J-Gvecg-P580041.u14:32; Artur-J-Gvecg-P580041.u13:1		Artur-J-Gvecg-P580041	no	1:Artur-J-G4531(Artur-J-Gvecg-P580041.u13); 2-33:Artur-J-G4521(Artur-J-Gvecg-P580041.u14)	Artur-J-Gvecg-P580041.u13:Artur-J-G4531:133.099-150.584; Artur-J-Gvecg-P580041.u14:Artur-J-G4521:150.584-162.170	omit sentence-level speaker_id; use suggested_speaker_segments	""" Na splošno mam rəd ljudi , nikol se nisəm ustavljal pri različnostih , ampak vedno mi je blo všeč , da səm iskov pri vsamu človeku tisto , kar naju povezuje ."
Artur-J	multiple_known_speakers	Artur-J-Gvecg-P580042	Artur-J-Gvecg-P580042.resegsent16776	498631	498663	31	2	0.710	yes	Artur-J-G4522:22; Artur-J-G4529:9	Artur-J-G4522(SEX=ženski, AGE=30 do 59 let, EDUCATION=-, PERM-RESD=-); Artur-J-G4529(SEX=ženski, AGE=30 do 59 let, EDUCATION=višja ali visoka šola, PERM-RESD=-)	Artur-J-Gvecg-P580042.u36:22; Artur-J-Gvecg-P580042.u37:9		Artur-J-Gvecg-P580042	no	1-22:Artur-J-G4522(Artur-J-Gvecg-P580042.u36); 23-31:Artur-J-G4529(Artur-J-Gvecg-P580042.u37)	Artur-J-Gvecg-P580042.u36:Artur-J-G4522:894.731-907.478; Artur-J-Gvecg-P580042.u37:Artur-J-G4529:907.478-915.025:trans=smooth	omit sentence-level speaker_id; use suggested_speaker_segments	Ena izmed mojih dijaških srednješolskih počitniških praks je bila tudi və takratnəm Zdravilišču Laško , kjer səm na recepciji hotela skrbela za telefonske prevezave hotelskim gostom in seveda tudi pos… …
Artur-J	multiple_known_speakers	Artur-J-Gvecg-P580043	Artur-J-Gvecg-P580043.resegsent17000	503449	503456	6	2	0.833	yes	Artur-J-G4531:5; Artur-J-G4523:1	Artur-J-G4523(SEX=ženski, AGE=-, EDUCATION=višja ali visoka šola, PERM-RESD=osrednjeslovenska); Artur-J-G4531(SEX=ženski, AGE=nad 60 let, EDUCATION=višja ali visoka šola, PERM-RESD=savinjska)	Artur-J-Gvecg-P580043.u35:5; Artur-J-Gvecg-P580043.u34:1		Artur-J-Gvecg-P580043	no	1:Artur-J-G4523(Artur-J-Gvecg-P580043.u34); 2-6:Artur-J-G4531(Artur-J-Gvecg-P580043.u35)	Artur-J-Gvecg-P580043.u34:Artur-J-G4523:838.898-879.251; Artur-J-Gvecg-P580043.u35:Artur-J-G4531:879.251-880.928	omit sentence-level speaker_id; use suggested_speaker_segments	""" Ustvarili ste si družino ."
Artur-J	multiple_known_speakers	Artur-J-Gvecg-P580043	Artur-J-Gvecg-P580043.resegsent17039	504162	504174	11	2	0.909	yes	Artur-J-G4531:10; Artur-J-G4523:1	Artur-J-G4523(SEX=ženski, AGE=-, EDUCATION=višja ali visoka šola, PERM-RESD=osrednjeslovenska); Artur-J-G4531(SEX=ženski, AGE=nad 60 let, EDUCATION=višja ali visoka šola, PERM-RESD=savinjska)	Artur-J-Gvecg-P580043.u47:10; Artur-J-Gvecg-P580043.u46:1		Artur-J-Gvecg-P580043	no	1:Artur-J-G4523(Artur-J-Gvecg-P580043.u46); 2-11:Artur-J-G4531(Artur-J-Gvecg-P580043.u47)	Artur-J-Gvecg-P580043.u46:Artur-J-G4523:1079.596-1099.273; Artur-J-Gvecg-P580043.u47:Artur-J-G4531:1099.273-1109.966	omit sentence-level speaker_id; use suggested_speaker_segments	""" Natalija , vas pa medtem doleti tudi težka ločitəv ."
Artur-J	multiple_known_speakers	Artur-J-Gvecg-P580044	Artur-J-Gvecg-P580044.resegsent17146	506413	506434	20	2	0.950	yes	Artur-J-G4531:19; Artur-J-G4524:1	Artur-J-G4524(SEX=moški, AGE=30 do 59 let, EDUCATION=-, PERM-RESD=-); Artur-J-G4531(SEX=ženski, AGE=nad 60 let, EDUCATION=višja ali visoka šola, PERM-RESD=savinjska)	Artur-J-Gvecg-P580044.u13:19; Artur-J-Gvecg-P580044.u12:1		Artur-J-Gvecg-P580044	no	1:Artur-J-G4524(Artur-J-Gvecg-P580044.u12); 2-20:Artur-J-G4531(Artur-J-Gvecg-P580044.u13)	Artur-J-Gvecg-P580044.u12:Artur-J-G4524:257.579-280.045; Artur-J-Gvecg-P580044.u13:Artur-J-G4531:280.045-293.985	omit sentence-level speaker_id; use suggested_speaker_segments	""" Otroštvo je čas , v katerəm je jaz v popolnəm sozvočju z našo osebnostjo , rəzmišljanji in dejanji ."
Artur-J	multiple_known_speakers	Artur-J-Gvecg-P580046	Artur-J-Gvecg-P580046.resegsent17417	512087	512095	7	2	0.571	yes	Artur-J-G4526:4; Artur-J-G4544:3	Artur-J-G4526(SEX=moški, AGE=30 do 59 let, EDUCATION=višja ali visoka šola, PERM-RESD=posavska); Artur-J-G4544(SEX=ženski, AGE=nad 60 let, EDUCATION=srednja šola, PERM-RESD=-)	Artur-J-Gvecg-P580046.u27:4; Artur-J-Gvecg-P580046.u28:3		Artur-J-Gvecg-P580046	no	1-4:Artur-J-G4526(Artur-J-Gvecg-P580046.u27); 5-7:Artur-J-G4544(Artur-J-Gvecg-P580046.u28)	Artur-J-Gvecg-P580046.u27:Artur-J-G4526:687.894-689.116; Artur-J-Gvecg-P580046.u28:Artur-J-G4544:689.116-690.893:trans=smooth	omit sentence-level speaker_id; use suggested_speaker_segments	po… ne bi ga Po imenu ?
Artur-J	multiple_known_speakers	Artur-J-Gvecg-P580046	Artur-J-Gvecg-P580046.resegsent17443	512684	512702	17	2	0.765	yes	Artur-J-G4526:13; Artur-J-G4544:4	Artur-J-G4526(SEX=moški, AGE=30 do 59 let, EDUCATION=višja ali visoka šola, PERM-RESD=posavska); Artur-J-G4544(SEX=ženski, AGE=nad 60 let, EDUCATION=srednja šola, PERM-RESD=-)	Artur-J-Gvecg-P580046.u34:13; Artur-J-Gvecg-P580046.u35:4		Artur-J-Gvecg-P580046	no	1-13:Artur-J-G4526(Artur-J-Gvecg-P580046.u34); 14-17:Artur-J-G4544(Artur-J-Gvecg-P580046.u35)	Artur-J-Gvecg-P580046.u34:Artur-J-G4526:821.972-848.885; Artur-J-Gvecg-P580046.u35:Artur-J-G4544:848.885-850.926:trans=smooth	omit sentence-level speaker_id; use suggested_speaker_segments	se pravi ta ketering smo Franciju pər njem doma tudi , e , V resnici naredili .
Artur-J	multiple_known_speakers	Artur-J-Gvecg-P580046	Artur-J-Gvecg-P580046.resegsent17516	514061	514073	11	2	0.909	yes	Artur-J-G4544:10; Artur-J-G4526:1	Artur-J-G4526(SEX=moški, AGE=30 do 59 let, EDUCATION=višja ali visoka šola, PERM-RESD=posavska); Artur-J-G4544(SEX=ženski, AGE=nad 60 let, EDUCATION=srednja šola, PERM-RESD=-)	Artur-J-Gvecg-P580046.u53:10; Artur-J-Gvecg-P580046.u52:1		Artur-J-Gvecg-P580046	no	1:Artur-J-G4526(Artur-J-Gvecg-P580046.u52); 2-11:Artur-J-G4544(Artur-J-Gvecg-P580046.u53)	Artur-J-Gvecg-P580046.u52:Artur-J-G4526:1252.208-1260.379; Artur-J-Gvecg-P580046.u53:Artur-J-G4544:1260.379-1266.176	omit sentence-level speaker_id; use suggested_speaker_segments	""" Se sin Nejc vključuje v ta računalniški del predstavitəv ?"
Artur-J	multiple_known_speakers	Artur-J-Gvecg-P580046	Artur-J-Gvecg-P580046.resegsent17527	514210	514219	8	2	0.750	yes	Artur-J-G4526:6; Artur-J-G4544:2	Artur-J-G4526(SEX=moški, AGE=30 do 59 let, EDUCATION=višja ali visoka šola, PERM-RESD=posavska); Artur-J-G4544(SEX=ženski, AGE=nad 60 let, EDUCATION=srednja šola, PERM-RESD=-)	Artur-J-Gvecg-P580046.u56:6; Artur-J-Gvecg-P580046.u57:2		Artur-J-Gvecg-P580046	no	1-6:Artur-J-G4526(Artur-J-Gvecg-P580046.u56); 7-8:Artur-J-G4544(Artur-J-Gvecg-P580046.u57)	Artur-J-Gvecg-P580046.u56:Artur-J-G4526:1297.020-1300.691; Artur-J-Gvecg-P580046.u57:Artur-J-G4544:1300.691-1301.525	omit sentence-level speaker_id; use suggested_speaker_segments	dokler moja beseda kaj vela , Haha .
Artur-J	multiple_known_speakers	Artur-J-Gvecg-P580048	Artur-J-Gvecg-P580048.resegsent17957	525275	525290	14	2	0.786	yes	Artur-J-G4587:11; Artur-J-G4544:3	Artur-J-G4587(SEX=ženski, AGE=nad 60 let, EDUCATION=-, PERM-RESD=savinjska); Artur-J-G4544(SEX=ženski, AGE=nad 60 let, EDUCATION=srednja šola, PERM-RESD=-)	Artur-J-Gvecg-P580048.u68:11; Artur-J-Gvecg-P580048.u69:3		Artur-J-Gvecg-P580048	no	1-11:Artur-J-G4587(Artur-J-Gvecg-P580048.u68); 12-14:Artur-J-G4544(Artur-J-Gvecg-P580048.u69)	Artur-J-Gvecg-P580048.u68:Artur-J-G4587:1417.012-1453.080; Artur-J-Gvecg-P580048.u69:Artur-J-G4544:1453.080-1455.555:trans=smooth	omit sentence-level speaker_id; use suggested_speaker_segments	e , on je bil do nedavnəga predsednik , e , Pokrajinske zveze .
Artur-J	multiple_known_speakers	Artur-J-Gvecg-P580049	Artur-J-Gvecg-P580049.resegsent18153	529904	529925	20	2	0.950	yes	Artur-J-G4544:19; Artur-J-G4588:1	Artur-J-G4588(SEX=moški, AGE=nad 60 let, EDUCATION=-, PERM-RESD=-); Artur-J-G4544(SEX=ženski, AGE=nad 60 let, EDUCATION=srednja šola, PERM-RESD=-)	Artur-J-Gvecg-P580049.u47:19; Artur-J-Gvecg-P580049.u45:1		Artur-J-Gvecg-P580049	no	1:Artur-J-G4588(Artur-J-Gvecg-P580049.u45); 2-20:Artur-J-G4544(Artur-J-Gvecg-P580049.u47)	Artur-J-Gvecg-P580049.u45:Artur-J-G4588:1412.630-1480.786; Artur-J-Gvecg-P580049.u47:Artur-J-G4544:1487.262-1500.805	omit sentence-level speaker_id; use suggested_speaker_segments	""" Če strnəm vaše vodilo pri vsem , kar opravljate v naslednje tri : izzivi , vztrajnost in optimizem ."
Artur-J	multiple_known_speakers	Artur-J-Gvecg-P580049	Artur-J-Gvecg-P580049.resegsent18166	530315	530323	7	2	0.857	yes	Artur-J-G4588:6; Artur-J-G4544:1	Artur-J-G4544(SEX=ženski, AGE=nad 60 let, EDUCATION=srednja šola, PERM-RESD=-); Artur-J-G4588(SEX=moški, AGE=nad 60 let, EDUCATION=-, PERM-RESD=-)	Artur-J-Gvecg-P580049.u50:6; Artur-J-Gvecg-P580049.u49:1		Artur-J-Gvecg-P580049	no	1:Artur-J-G4544(Artur-J-Gvecg-P580049.u49); 2-7:Artur-J-G4588(Artur-J-Gvecg-P580049.u50)	Artur-J-Gvecg-P580049.u49:Artur-J-G4544:1615.966-1634.924; Artur-J-Gvecg-P580049.u50:Artur-J-G4588:1634.924-1641.329	omit sentence-level speaker_id; use suggested_speaker_segments	""" Hvala za vaše dobre želje ."
Artur-J	multiple_known_speakers	Artur-J-Gvecg-P580051	Artur-J-Gvecg-P580051.resegsent19038	557245	557284	38	2	0.711	yes	Artur-J-G4603:27; Artur-J-G4595:11	Artur-J-G4595(SEX=ženski, AGE=30 do 59 let, EDUCATION=fakulteta ali več, PERM-RESD=-); Artur-J-G4603(SEX=moški, AGE=nad 60 let, EDUCATION=fakulteta ali več, PERM-RESD=-)	Artur-J-Gvecg-P580051.u198:27; Artur-J-Gvecg-P580051.u197:11		Artur-J-Gvecg-P580051	no	1-11:Artur-J-G4595(Artur-J-Gvecg-P580051.u197); 12-38:Artur-J-G4603(Artur-J-Gvecg-P580051.u198)	Artur-J-Gvecg-P580051.u197:Artur-J-G4595:8990.377-8999.726:trans=smooth; Artur-J-Gvecg-P580051.u198:Artur-J-G4603:8990.377-8999.726:trans=overlap	omit sentence-level speaker_id; use suggested_speaker_segments	Nisəm , nisəm hotla nardit teh primerjav , a ne , Jaz si predstavlam razkošno palačo kot tisto , kar je na Dunaju , pa kaj j na Dunaju recimo , a je to primerljivo al ne …
Artur-J	multiple_known_speakers	Artur-J-Gvecg-P580051	Artur-J-Gvecg-P580051.resegsent19154	559546	559587	40	2	0.975	yes	Artur-J-G4593:39; Artur-J-G4603:1	Artur-J-G4603(SEX=moški, AGE=nad 60 let, EDUCATION=fakulteta ali več, PERM-RESD=-); Artur-J-G4593(SEX=moški, AGE=30 do 59 let, EDUCATION=fakulteta ali več, PERM-RESD=-)	Artur-J-Gvecg-P580051.u280:22; Artur-J-Gvecg-P580051.u279:17; Artur-J-Gvecg-P580051.u278:1		Artur-J-Gvecg-P580051	no	1:Artur-J-G4603(Artur-J-Gvecg-P580051.u278); 2-18:Artur-J-G4593(Artur-J-Gvecg-P580051.u279); 19-40:Artur-J-G4593(Artur-J-Gvecg-P580051.u280)	Artur-J-Gvecg-P580051.u278:Artur-J-G4603:9669.383-9672.913:trans=smooth; Artur-J-Gvecg-P580051.u279:Artur-J-G4593:9669.383-9672.913:trans=overlap; Artur-J-Gvecg-P580051.u280:Artur-J-G4593:9672.913-9698.789	omit sentence-level speaker_id; use suggested_speaker_segments	goto… Tko recimo , en , en učitəlj se omenja , , ne , ki je igral , eee , ki je igral violinski koncert od , eee , ne , se pravi , zlo zahtevna reč , ne .
Artur-J	multiple_known_speakers	Artur-J-Gvecg-P580051	Artur-J-Gvecg-P580051.resegsent19699	575476	575483	6	2	0.833	yes	Artur-J-G4602:5; Artur-J-G4596:1	Artur-J-G4596(SEX=ženski, AGE=nad 60 let, EDUCATION=fakulteta ali več, PERM-RESD=-); Artur-J-G4602(SEX=moški, AGE=30 do 59 let, EDUCATION=fakulteta ali več, PERM-RESD=-)	Artur-J-Gvecg-P580051.u393:5; Artur-J-Gvecg-P580051.u392:1		Artur-J-Gvecg-P580051	no	1:Artur-J-G4596(Artur-J-Gvecg-P580051.u392); 2-6:Artur-J-G4602(Artur-J-Gvecg-P580051.u393)	Artur-J-Gvecg-P580051.u392:Artur-J-G4596:16044.009-16045.881; Artur-J-Gvecg-P580051.u393:Artur-J-G4602:16045.881-16047.507	omit sentence-level speaker_id; use suggested_speaker_segments	Navdušenje A navdušenje , jaz …
Artur-N	multiple_known_speakers	Artur-N-G5003-P600002	Artur-N-G5003-P600002.resegsent20607	600946	600955	8	2	0.875	yes	Artur-N-G5004:7; Artur-N-G5003:1	Artur-N-G5003(SEX=ženski, AGE=10 do 18 let, EDUCATION=srednja šola, PERM-RESD=podravska); Artur-N-G5004(SEX=moški, AGE=18 do 34 let, EDUCATION=srednja šola, PERM-RESD=podravska)	Artur-N-G5004-P600002.u2:7; Artur-N-G5003-P600002.u208:1		Artur-N-G5003-P600002; Artur-N-G5004-P600002	yes	1:Artur-N-G5003(Artur-N-G5003-P600002.u208); 2-8:Artur-N-G5004(Artur-N-G5004-P600002.u2)	Artur-N-G5003-P600002.u208:Artur-N-G5003:1266.676-1267.923; Artur-N-G5004-P600002.u2:Artur-N-G5004:8.717-18.578	omit sentence-level speaker_id; use suggested_speaker_segments	adijo jaz tud mislim tak , ja .
Artur-N	multiple_known_speakers	Artur-N-G5072-P600068	Artur-N-G5072-P600068.resegsent31515	772970	772989	18	2	0.944	yes	Artur-N-G5073:17; Artur-N-G5072:1	Artur-N-G5072(SEX=ženski, AGE=nad 60 let, EDUCATION=srednja šola, PERM-RESD=podravska); Artur-N-G5073(SEX=moški, AGE=30 do 59 let, EDUCATION=srednja šola, PERM-RESD=-)	Artur-N-G5073-P600069.u2:17; Artur-N-G5072-P600068.u9:1		Artur-N-G5072-P600068; Artur-N-G5073-P600069	yes	1:Artur-N-G5072(Artur-N-G5072-P600068.u9); 2-18:Artur-N-G5073(Artur-N-G5073-P600069.u2)	Artur-N-G5072-P600068.u9:Artur-N-G5072:186.070-492.505; Artur-N-G5073-P600069.u2:Artur-N-G5073:4.420-262.682	omit sentence-level speaker_id; use suggested_speaker_segments	""" e , začel bom z zgodbo , e , mojega psa , ki ga imam doma ."
Artur-P	known_plus_unresolved_utterance	Artur-P-G7002-P700444	Artur-P-G7002-P700444.resegsent43454	1081433	1081476	42	1	0.881	yes	Artur-P-G7002:37	Artur-P-G7002(SEX=moški, AGE=-, EDUCATION=-, PERM-RESD=-)	Artur-P-G7002-P700444.u23:37; Artur-P-G7002-P700444.u21:5	Artur-P-G7002-P700444.u21:5	Artur-P-G7002-P700444	no	1-5:_(Artur-P-G7002-P700444.u21); 6-42:Artur-P-G7002(Artur-P-G7002-P700444.u23)	Artur-P-G7002-P700444.u21::312.501-339.238; Artur-P-G7002-P700444.u23:Artur-P-G7002:340.714-386.708	omit sentence-level speaker_id; use suggested_speaker_segments	zaradi tega si Romi , kjer je seveda to mogoče , bivališča v naseljih uredijo tako , da niso preblizu drug drugemu , vendar kljup temu nekako u območju romskega naselja , kajti med njimi zelo hitro lahko pride do sporou .
Artur-P	known_plus_unresolved_utterance	Artur-P-G7041-P701501	Artur-P-G7041-P701501.resegsent47979	1201676	1201763	86	1	0.977	yes	Artur-P-G7041:84	Artur-P-G7041(SEX=ženski, AGE=-, EDUCATION=-, PERM-RESD=-)	Artur-P-G7041-P701501.u6:36; Artur-P-G7041-P701501.u8:30; Artur-P-G7041-P701501.u11:18; Artur-P-G7041-P701501.u9:2	Artur-P-G7041-P701501.u9:2	Artur-P-G7041-P701501	no	1-36:Artur-P-G7041(Artur-P-G7041-P701501.u6); 37-66:Artur-P-G7041(Artur-P-G7041-P701501.u8); 67-68:_(Artur-P-G7041-P701501.u9); 69-86:Artur-P-G7041(Artur-P-G7041-P701501.u11)	Artur-P-G7041-P701501.u6:Artur-P-G7041:157.461-241.870; Artur-P-G7041-P701501.u8:Artur-P-G7041:243.444-253.228; Artur-P-G7041-P701501.u9::253.228-255.563; Artur-P-G7041-P701501.u11:Artur-P-G7041:258.758-266.374	omit sentence-level speaker_id; use suggested_speaker_segments	potem vemo , da je pred nami , eee , resən problem , ki terja , eee , zelo , em , ki terja poenotenje , in , em , čimprejšne poenotenje in , em , področje je potrebno uredit čim prej , usekakor še pred nasledno krizo , da ne bi ponovili vaje , in , eee , ker je imela tut ta celotna , em , celotna neurejenost področja tut negativən upliu , eee , in doprinos , eee , k bančni lukni .
